"address","ADDRESS","Latitude","Longitude"
NA,"31 South Western Hwy",-32.9128017,115.9002022
NA,"194 Great Eastern Hwy",-31.9329157,115.9400686
NA,"174 Balcatta Rd",-31.8598506,115.8097253
NA,"102 Princess Rd",51.3917141,-0.0956557142397283
NA,"1/300 Joseph Banks Bvd",-31.7031131,115.8032209
NA,"302-318 Collier Rd",38.21874,-121.189642
NA,"35 Port Kembla Dr",36.2063718,-86.5638624
NA,"492 Marmion St",-33.8912908,151.0268228
NA,"270 Butler Bvd",39.8866979,-74.1390888210896
NA,"25 Abernethy Rd",51.45768035,0.00150676649375148
NA,"215 Campbell Rd",44.4320911,-70.2821884
NA,"232 Orrong Rd",-31.97182365,115.918055412551
NA,"2131 West Swan Rd",-31.7864082,116.0085165
NA,"814 North Lake Rd",-32.1200534,115.8467146
NA,"2 Haydock St",53.45270155,-2.6397239360734
NA,"303 Corfield St",-32.0808532,115.9886829
NA,"13 Lakes Rd",41.3273727,-74.1915042
NA,"1 Eaglemont St",-32.5207908,115.7532026
NA,"120 Yellowwood Ave",35.7186128924996,-78.2991950536256
NA,"1256 Armadale Rd",-32.148061,115.9866245
NA,"8 Buick Way",-31.7532914,115.7649758
NA,"4 Church St",53.8296689,-0.1128053
NA,"105 Champion Dr",37.900952,-84.5940555151961
NA,"8 Mullingar Way",-31.8049619,115.838278
NA,"1969 Albany Hwy",44.6416358218888,-123.125448600746
NA,"650 Marshall Rd",28.4490096,-98.5370092
NA,"324 The Broadway",51.6957753,-0.192614414376935
NA,"296 Pinjarra Rd",-27.5399093,152.9031532
NA,"40-42 Great Northern Hwy",-18.2094367,125.5781641
NA,"8 Clayton St",53.7290943,-2.66152195
NA,"231 Morrison Rd",45.32742535,-65.9123701995917
NA,"162 Russell St",42.37514525,-71.24975424545
NA,"235 Welshpool Rd",52.5813995,-3.0939627
NA,"129 Dixon Rd",34.345117,-84.492995
NA,"481 Balfour St",40.6852078598385,-73.6924957243436
NA,"660 Beeliar Dr",-32.1276849,115.7874242
NA,"125 Murdoch Rd",49.6220824923459,-124.05508069336
NA,"79 Gnangara Rd",-31.7957477,115.8878366
NA,"929-931 Wanneroo Rd",-31.6916696,115.7599059
NA,"990 Wanneroo Rd",-31.6101151,115.7126511
NA,"332 Hale Rd",41.750837,-81.192657
NA,"86 South Coast Hwy",-33.5701549,120.09064
NA,"3 Armadale Rd",-36.8814316,174.7942323
NA,"Lot 602 Forrest Hwy",NA,NA
NA,"Lot 601 Forrest Hwy",-32.8538402,115.7293216
NA,"39 Bussell Hwy",-33.4027143,115.6366084
NA,"Lot 50 Mandurah Rd",-32.3980429,115.7713793
NA,"40 North West Coastal Hwy",-25.3571266,113.9632171
NA,"287 Place Rd",48.1189156328471,-123.57113906461
NA,"3249 Albany Hwy",31.7418258516855,-84.4122904215966
NA,"80 Old Coast Rd",37.0115571511794,-122.19221346359
NA,"59 Great Eastern Hwy",-31.9329157,115.9400686
NA,"69 Pinetree Gully Rd",-32.0609159,115.8772818
NA,"1443 Albany Hwy",44.6418808312055,-123.12037489504
NA,"121 Collins Rd",43.768105,-70.9023844
NA,"226 Morrison Rd",-33.824497,151.109192
NA,"40 Benara Rd",-31.8756511,115.962879
NA,"941 Whitfords Ave",-31.8007504,115.8213815
NA,"35 Albany Hwy",44.7735822255497,-122.615921693272
NA,"848 Canning Hwy",-32.01489425,115.843248260457
NA,"530 Canning Hwy",-31.991996,115.8681349
NA,"100-102 Blackwood Ave",36.082276,-80.292607
NA,"53 Erindale Rd",-35.8215553,146.3159061
NA,"Lot 191 Paparone Rd",-32.3138711,115.8283831
NA,"Lot 192 Leary Rd",46.7037259,-64.244424
NA,"2/909 Mandurah Rd",-32.3980429,115.7713793
NA,"2 Illawarra Cres North",-31.8278673,115.8822011
NA,"1084 Great Northern Hwy",-31.550335,115.9965723
NA,"701 Beeliar Dr",-32.1276849,115.7874242
NA,"261 Eddystone Ave",43.7477520262222,-79.5212618444444
NA,"2 Wellard St",-43.1359976,147.852507
NA,"2 Coghlan St",39.614173,-74.201965
NA,"83 Wheatley Dr",42.3406510333911,-73.3008291364422
NA,"26 Albert St",-33.71900045,150.336456782004
NA,"13 Bannister Rd",42.7921315395024,-71.2070486102884
NA,"1134 North West Coastal Hwy",-24.8623956,113.712398139025
NA,"40 Bennett St",40.63700395,-74.1300726
NA,"28K Caloundra Rd",-26.78979745,153.10137060599
NA,"138 Loch St",30.5151809897212,-97.586031984469
NA,"210 Great Eastern Hwy",-31.9329157,115.9400686
NA,"2 Prendiville Ave",-31.7528185,115.7388827
NA,"44 Archer St",42.4791159,-70.9308040387531
NA,"2 Sunlander Dr",-31.7249481,115.747384
NA,"68-70 Brown St",38.9142795,-75.4065849
NA,"190 Karrinyup Rd",-31.8825604,115.8012425
NA,"4 Chisham Ave",-32.2441758,115.8232584
NA,"218 Main St",36.1393245,-5.3537396
NA,"2 Ridgewood Bvd",40.736055,-81.101647
NA,"246 Leach Hwy",-32.0073393,115.9241045
NA,"349 Charles St",-36.08930285,146.921394143957
NA,"2 Warburton Ave",40.952304,-74.161578
NA,"214 Warnbro Sound Ave",-32.3873169,115.7582156
NA,"222 Rockingham Rd",40.49713885,-79.8787023834141
NA,"339 High Rd",-32.0390086,115.904438074244
NA,"2 Chalgrove Ave",51.3949337,-0.2009145
NA,"9 Mends St",8.477005,-13.2342391
NA,"810 Beeliar Dr",-32.1276849,115.7874242
NA,"261 Walter Rd West",-31.9085114,115.8805513
NA,"240 Cambridge St",43.042333,-76.11811
NA,"11 Scarborough Beach Rd",-31.9141914,115.8221927
NA,"1 Roy Earl Dr",-33.8558393,115.1028205
NA,"7 Welshpool Rd East",-32.0155012,116.0470014
NA,"Lot 6 Great Eastern Hwy",-31.9329157,115.9400686
NA,"44A South Coast Hwy",-33.5900218,120.164047
NA,"19 Rodgers St",40.5903227166097,-74.2808892252561
NA,"4 Wanneroo Rd",-31.6101151,115.7126511
NA,"15 South Western Hwy",-32.9128017,115.9002022
NA,"238 Naturaliste Tce",-33.6151791,115.1059873
NA,"137 Dixon Rd",55.85851495,-3.69793346039767
NA,"2 The Gateway",42.691801,-73.51716
NA,"484 Walter Rd East",-31.8950334,115.9234673
NA,"2 Alex Wood Dr",-32.14108065,115.96600609594
NA,"155 Hale Rd",41.8112739342492,-72.5316043924589
NA,"Lot 1662 Shenton St",NA,NA
NA,"438 Hannan St",-34.167808,139.0847642
NA,"19 Coolibah Dr",-35.1087231,139.3067511
NA,"2 Guava Way",18.4608986,-77.3326518
NA,"1520 Gnangara Rd",-31.7957477,115.8878366
NA,"68 Warton Rd",42.7246175318634,-71.4654806048669
NA,"2 Abello Bvd",-31.636748,115.6898875
NA,"110 Bashford St",-30.30362565,115.040532825373
NA,"248 Celebration Rd",39.9654989071381,-77.34187923262
NA,"Lot 35 Goldfields Hwy",-26.4867319,119.7277205
NA,"88 Gilbertson Rd",48.2144508,-122.5131012
NA,"1033 Mardie Rd",-20.7769247,116.8612558
NA,"30 Balmoral Rd",52.90532955,-1.3745882924776
NA,"Lot 9 Resource Rd",26.7990847,-80.0980965
NA,"2907 Albany Hwy",44.6424792681193,-123.1353877804
NA,"48 Courtney Pl",29.5629949164404,-81.2014293283789
NA,"549 Abernethy Rd",45.3638474234509,-122.595558046409
NA,"28 Koondoola Ave",-31.8412849,115.8628189
NA,"Cnr Stockman Rd & Bull Run Rd",NA,NA
NA,"230-234 Nicholson Rd",51.3375299,-2.9054209
NA,"269 Kalamunda Rd",-31.9164264,115.9742771
NA,"304 Pinjarra Rd",-27.5399093,152.9031532
NA,"96 Giblett St",-32.3618123,115.9810443
NA,"73 Manning Rd",44.378367,-73.8125399
NA,"360 Anchorage Dr North",26.8101827454695,-80.0574244074909
NA,"153 Gardiner St",46.0025520954301,-68.4443329317951
NA,"335 Walter Rd West",40.9385553223383,-76.8577042535155
NA,"25 Mitchell Rd",42.41436695,-71.5440439988647
NA,"101 Dampier Av",-31.9282618,115.7670942
NA,"16 Tubada St",-33.7049514,120.8611479
NA,"37 Federal St",30.2995568,-86.0635373544617
NA,"1351 Rockingham Rd",43.2021574003844,-72.5127031214766
NA,"101 Great Northern Hwy",-31.550335,115.9965723
NA,"386 Scarborough Beach Rd",-31.9006791,115.7934324
NA,"Lot 2 Eyre Hwy",-32.4816068,137.7498755
NA,"85 Forrest Ave",40.8094668,-72.8723214477756
NA,"84 Brockman St",29.045121,-95.694431
NA,"Lot 202 Wimbridge Rd",-33.3464223,115.6966007
NA,"24 Wetherly Dr",35.764669,-77.936559
NA,"90 Anderson St",-37.6582223,175.524046
NA,"46 Bakewell Dr",53.0033037,-1.1757979
NA,"47 Morgans St",-31.9032154,115.8331962
NA,"419 Great Eastern Hwy",-31.9329157,115.9400686
NA,"43 Hampton St",40.9977011,-72.2903867806902
NA,"30373 Brand Hwy",-30.9985774,115.7089925
NA,"18a South Western Hwy",-32.9128017,115.9002022
NA,"129 Stirling Hwy",-31.9797524,115.798260424163
NA,"10895 Great Eastern Hwy",-31.9329157,115.9400686
NA,"188 Spencer St",43.6217132,-81.54590825
NA,"2 Throssell Rd",-20.409017,118.6011956
NA,"30 Angove Rd",-35.0070223,117.8922058
NA,"13724 Great Eastern Hwy",-30.7691425,121.4471392
NA,"430 Safety Bay Rd",-32.327334,115.8013013
NA,"Cnr Pinga St & Anthill St",NA,NA
NA,"1 Ballantyne Rd",-44.69461685,169.142993823971
NA,"11 Wilurarra Rd",-30.7846126,121.4332822
NA,"85 Queen Victoria St",51.51149885,-0.0958983335428304
NA,"16 Albany Hwy",42.7407172,-73.7008576396209
NA,"190 North West Coastal Hwy",-28.7589299,114.6252057
NA,"380 Great Eastern Hwy",-31.9329157,115.9400686
NA,"80-82 Great Northern Hwy",-18.2094367,125.5781641
NA,"46458 South Coast Hwy",-33.5900218,120.164047
NA,"12 Bridgetown Rd",41.4919624811086,-71.4388228348889
NA,"64 Blackwood Ave",-27.4740304,153.0820903
NA,"177-179 Great Eastern Hwy",-31.9329157,115.9400686
NA,"25 Preston St",42.9025551,-78.6937862
NA,"21 Edgewater Dr",42.7461576,-78.7341563
NA,"12440 Bussell Hwy",-34.20211975,115.098860345038
NA,"3 Carson Rd",53.44022475,-2.19199407553022
NA,"211 Bussell Hwy",-33.9597168,115.0765952
NA,"Cnr Rockingham Rd & Lee Rd",NA,NA
NA,"177 O'Connor Rd",43.1023618475579,-77.4606337478147
NA,"150 Wanneroo Rd",-31.6101151,115.7126511
NA,"21 Coronation Dr",51.3988331,0.901374875985667
NA,"8B South Western Hwy",-32.9128017,115.9002022
NA,"3 Bandicoot Dr",41.3329744945717,-88.6958527309034
NA,"634 Menang Dr",-34.9605891,117.8802851
NA,"5 Cocos Dr",28.8705817,-81.6858947
NA,"1 Spencer St",45.9189438,-59.9764316
NA,"124 Throssell St",-30.7587745,121.4600513
NA,"4267 South Western Hwy (Cnr Del Park Rd)",NA,NA
NA,"2 Cunningham Rd (Cnr Great Eastern Hwy)",NA,NA
NA,"1540 Anderson Rd",36.3119151586589,-80.6087654403758
NA,"Cnr Mandurah Rd & Wellard Rd",NA,NA
NA,"76 Malaga Dr (Cnr Truganina Rd)",NA,NA
NA,"54 Wetherell St",42.2693930096823,-71.8293173860927
NA,"12 Clayton Rd",50.82986675,-0.117658849999999
NA,"131 Welsh Dr (Cnr Pardoo Dr)",NA,NA
NA,"204 North Rd",42.5896612,-73.9565767
NA,"1 Wimbridge Rd",-31.9980332,115.9871869
NA,"1 Princep St",-33.6361297,115.3841455
NA,"Cnr North Mole Dr & Rous Head Rd",NA,NA
NA,"159 Altone Rd (Cnr Hull Way)",NA,NA
NA,"918 Canning Hwy (Cnr Kintail Rd)",NA,NA
NA,"50 Mavis Rd",35.0283844403838,-76.8288709455909
NA,"1 Forrest Ave",40.46985885,-74.3446164980757
NA,"115 Strelly St",-33.6631886,115.3489759
NA,"11 Headingly Cr (Cnr Connolly Dr)",NA,NA
NA,"Lot 22 South Western Hwy (Cnr Nettleton Rd)",NA,NA
NA,"1346 Albany Hwy",44.6417071826865,-123.119951521711
NA,"510 Beach Rd (Cnr Duffy Rd)",NA,NA
NA,"595 Robinson St",-24.8621734,113.701084393332
NA,"7 Ocean Keys Bvd (Cnr Marmion Ave)",NA,NA
NA,"110-114 Bayley St",-37.190702,145.7078921
NA,"191 Bailey Bvd (Cnr Dawesville Bypa)",NA,NA
NA,"365 Scarborough Beach Rd",-31.9012655,115.7942097
NA,"157 Lord St",53.56940635,-0.0983297168730651
NA,"1 Pratt Rd",42.3197418,-71.8174322932972
NA,"112 Oakleigh Dr (Cnr Old Coast Rd)",NA,NA
NA,"59 Dempster St",42.8862920985338,-78.812803742315
NA,"77 Maidstone Cr",-21.9323954,114.127221
NA,"63 Alex Wood Dr (Cnr Armadale Rd)",NA,NA
NA,"2 Jon Sanders Dr (Cnr Harborne St)",NA,NA
NA,"158 Corfield St",-32.0742735,115.9809239
NA,"35 Minilya Pkwy (Cnr Lakes Rd)",NA,NA
NA,"967 Abernethy Rd (Cnr Grogan Rd)",NA,NA
NA,"342 Beaufort St (Cnr Bulwer St)",NA,NA
NA,"Lakeside Joondalup Shopping Centre",-31.7432271,115.7675395
NA,"146 Boulder Rd (Cnr Connolly St)",NA,NA
NA,"Lot 3861 Bathgate Rd",NA,NA
NA,"2877 Albany Hwy",44.6423583965671,-123.135102698482
NA,"2 Fenton St (Cnr Kewdale Rd)",NA,NA
NA,"86 Kingsley Dr",40.9680128,-73.841422
NA,"319 Vincent St",-31.93667705,115.840089142281
NA,"18 Orchard Rd (Cnr Kelvin Rd)",NA,NA
NA,"375 Great Eastern Hwy",-31.9329157,115.9400686
NA,"296 Benara Rd (Cnr Beechboro Rd North)",NA,NA
NA,"676 Stirling Hwy",-31.9842856,115.7778075
NA,"5895 Great Eastern Hwy",-31.9329157,115.9400686
NA,"10 Robson Way",36.395495,-94.2258356
NA,"1 Broadway (Cnr Stirling Hwy)",NA,NA
NA,"Lot 1328 Newman Dr",-17.2098283,145.444149
NA,"2624 Wanneroo Rd",-31.8259083,115.8213317
NA,"391 Wanneroo Rd",-31.6916696,115.7599059
NA,"309 Stock Rd",40.5156447811123,-78.6716376601196
NA,"270 High Rd",51.60150815,-0.111768254933045
NA,"111 Great Eastern Hwy",-31.9329157,115.9400686
NA,"29 Dixon Rd",-37.8202108,175.3001402
NA,"74 Scarborough Beach Rd",-31.9141914,115.8221927
NA,"420 Secret Harbour Bvd",-32.4086475,115.759040271255
NA,"67 Hamilton Rd",-41.3085027,174.7942089
NA,"194 Rokeby Rd",-31.9507285,115.824236208034
NA,"316 Spencer Rd",40.0528079,-75.4324478
NA,"219 Yale Rd",42.5747901086416,-113.215973568462
NA,"2 Bristol St (Cnr Warnbro Sound Ave)",NA,NA
NA,"169 High Rd",52.9190525,-1.227434687
NA,"436 Wanneroo Rd",-31.6101151,115.7126511
NA,"60 Bannister Rd",-32.063284,115.926369601239
NA,"91-93 Manning Rd (Cnr Wyong Rd)",NA,NA
NA,"382 Grand Prom",-31.8955811,115.8703755
NA,"2100 Albany Hwy (Cnr Mills St)",NA,NA
NA,"581 Hannan St (Cnr Ochiltree St)",NA,NA
NA,"110 Ranford Rd",-32.1084632,115.9397625
NA,"2 Baroy St (Cnr Old Coast Rd)",NA,NA
NA,"810 Beaufort St",-31.92519255,115.881731
NA,"537 Lake Rd",-40.143355,176.4811334
NA,"2 Omeo St",-27.5583459,153.0668446
NA,"309 Morrison Rd",-33.817331,151.1010226
NA,"79 Buckingham Dr (Cnr Hartman Dr)",NA,NA
NA,"6639 West Swan Rd",-31.7864082,116.0085165
NA,"271 York St",45.4316636,-75.6853369084656
NA,"868 Pinjarra Rd (Cnr Tonkin Dr)",NA,NA
NA,"204 Great Eastern Hwy",-31.9329157,115.9400686
NA,"2 Hollosy Way (Cnr Pinjar Rd)",NA,NA
NA,"614 Baldivis Rd (Cnr Safety Bay Rd)",NA,NA
NA,"303 Great Eastern Hwy",-31.8902524,116.003973017193
NA,"176 Canning Hwy",-31.991996,115.8681349
NA,"490 Karrinyup Rd",-31.8744215,115.7533471
NA,"1 Capital Rd (Cnr Alexander Dr)",NA,NA
NA,"585 Canning Hwy (Cnr North Lake Rd)",NA,NA
NA,"240 Toodyay Rd (Cnr Lewis Jones Crss)",NA,NA
NA,"56 Albany Hwy",-36.7631297,174.7135728
NA,"1 Morwell St",-31.5510204,115.6440644
NA,"289 Beeliar Dr",-32.1276849,115.7874242
NA,"12-14 Cajarina Rd (Cnr Pardoo St)",NA,NA
NA,"119 Kurnall Rd",-31.9953692,115.9551381
NA,"259 Bussell Hwy",-34.3100278,115.1556623
NA,"11 Shorehaven Bvd",-31.6011275,115.677602
NA,"Cnr Grand Ent & The Promenade",NA,NA
NA,"317 Millhouse Rd",34.3354113399584,-77.8833436950202
NA,"5 Hamelin Dr",-31.8475193,115.9149094
NA,"162 Chester Pass Rd",-34.0434561,118.2648989
NA,"Lot 68 Pennant Rd",-29.8988171,30.969936
NA,"36 Duchess St",41.6929630760802,-71.4714782596068
NA,"15 Sarah Cl",50.74297495,-1.82267078435162
NA,"25 Cecil Ave",-32.0166767,115.9381628
NA,"90 Robinson St",53.5381071,-2.1400363
NA,"1244 Marmion Ave",-31.73951415,115.738303998112
NA,"372 Grand Prom",-31.89656205,115.871600939176
NA,"106 Frederick St",-36.9235827,174.767511249736
NA,"2 Recreation Dr",44.3499633,-79.5591521
NA,"11 Main St",53.05481885,-1.1830777
NA,"651 Old Coast Rd",-32.5505041,115.7028271
NA,"5 Howtree Pl",-31.9372711,115.7929688
NA,"78C Hale Rd",33.2888804,-96.8047854
NA,"59 Cathedral Ave",-28.7758017,114.6111008
NA,"37 Canham Way",-31.82173015,115.820430080218
NA,"189 Winton Rd",41.67521057698,-109.222272489896
NA,"104 Brookman St",37.340531,-80.802016
NA,"Lot 1437 Warambie Rd",NA,NA
NA,"6 Chisham Ave",-32.2441758,115.8232584
NA,"77 Attfield St",-32.0623328,115.754549375941
NA,"207 Burslem Dr",-32.0491828,115.977118
NA,"168 Wanneroo Rd (opp Giralt Rd)",NA,NA
NA,"330 Pinjarra Rd",-32.5362034,115.743350528287
NA,"10-12 Magenta Tce",-32.5097834,115.7412314
NA,"89 Mottram St",53.5560345,-1.4764017
NA,"53 Yirrigan Dr",-31.8741582,115.8614389
NA,"60 Russell St",43.015097,-73.8558132105263
NA,"86 Wellington St",42.7966094,-81.6489222
NA,"401 Scarborough Beach Rd",-31.9036488,115.8005736
NA,"150 Anderson St",34.9873965,-81.8290245
NA,"12 Saltaire Way",-32.3722098,115.7555241
NA,"219 Hampton Rd",-39.1693876,173.862041
NA,"752 North Lake Rd",39.9039273712173,-84.0197064822819
NA,"466 Warton Rd",40.421965496367,-77.7826590042661
NA,"202 Warnbro Sound Ave",-32.3935496,115.7594082
NA,"470 Whitfords Ave",-31.79742605,115.745647670991
NA,"20 Windsor Rd",51.563968,0.0226417928104657
NA,"6672 Bussell Hwy",-33.4924483,115.5817
NA,"1014 North West Coastal Hwy",-24.8628973,113.7019795
NA,"57 Goldfields Rd",-36.8574287,175.4849799
NA,"16 Flinders Cct",-27.3382972,153.026723
NA,"12 Bald Island Rd",-34.8839219,118.4062672
NA,"570 Rosedale Rd",46.0116042852707,-61.2955746592373
NA,"342 Albany Hwy",31.6820153769094,-84.3017591626815
NA,"250 Albany Hwy",-36.7528243,174.6961232
NA,"269 South Western Hwy",-32.9128017,115.9002022
NA,"1001 Joondalup Dr",-31.7035455,115.8050308
NA,"34 Jackson St",40.7409884,-73.1969046495424
NA,"8 Durnin Ave",41.5216384,-90.548066
NA,"1128 Albany Hwy",44.6415640680036,-123.117084121429
NA,"1 Timberyard Way",-32.1167991,115.8071302
NA,"394 Canning Hwy",-32.0340953,115.7927872
NA,"35 Frank St",-27.5237458,152.978288
NA,"71 Cranford Ave",40.5730655,-74.1276075
NA,"19 Napier Tce",50.3805429,-4.13620162436689
NA,"44 Benningfield Rd",37.4604733193084,-85.2961110801494
NA,"9805 Forrest Hwy",-32.6283075,115.8144541
NA,"70 Forrest Ave",40.8085554,-72.8712383786894
NA,"88 Causeway Rd",-34.8414526,138.4924064
NA,"61 Butler Bvd",40.7059678,-73.6921172247659
NA,"280 Bannister Rd",-32.0710784,115.8950161
NA,"1 Johnson Rd",42.76224135,-73.7511780889952
NA,"269 Stirling Hwy",-31.9757126,115.8179884
NA,"36 Ocean Keys Bvd",-31.6900111,115.717767
NA,"223 Belmont Ave",40.7174081,-73.5638624
NA,"57 Johnston St",-40.4792834,175.2829537
NA,"47 Church Rd",52.6262848,-1.97091908925903
NA,"67 Walter Rd West",47.8209775903637,-90.3680739497772
NA,"193 Warwick Rd",52.436904,-1.80432018780184
NA,"64 Dunn Bay Rd",-33.6157233,115.1070655
NA,"57 Joondalup Dr",-31.7294945,115.7691633
NA,"3 Goodwood Cres",52.95505755,-1.31967173987682
NA,"25 Andrew St",42.52660805,-70.8872555177766
NA,"87 Great Northern Hwy",-18.2094367,125.5781641
NA,"2 Strelitzia Ave",-26.7425281,27.096935
NA,"101 Hampton Rd",40.9999983,-72.3422996902815
NA,"60 Marangaroo Dr",-31.835126,115.8770304
NA,"14 Guava Way",-32.5487322,115.7036291
NA,"3 Guildford Rd",50.81963475,-0.391533381494361
NA,"6 Jersey St",42.81124515,-71.3716816417067
NA,"222 Manning Rd",43.893109985906,-78.9448333832215
NA,"6 Madigan Rd",42.8664008571665,-73.5936373542466
NA,"13 Searipple Rd",-20.7278586,116.8486436
NA,"518 Abernethy Rd",45.3637243437534,-122.595981319739
NA,"47 Renegade Way",-31.8197135,115.8029111
NA,"17 Poinciana St",-27.5934058,152.9610479
NA,"4 Beach St",43.158824,-75.3385121
NA,"49 Banksiadale Gte",-32.4694529,115.765426
NA,"70 Nicholson Rd",-41.2504049,174.7930706
NA,"29/51 Farrington St",-27.4216381,152.9997911
NA,"117 Burslem Dr",-32.0491828,115.977118
NA,"492 Alexander Dr",35.9338077285676,-86.8823022303992
NA,"Cnr Pinjarra Rd & Watson Dr",NA,NA
NA,"78 Bussell Hwy",-33.4027143,115.6366084
NA,"Lot 821 Main St",45.0904485,-64.3698726
NA,"Lot 46 Great Northern Hwy",-20.3804014,118.6403958
NA,"582 Stirling Hwy",-31.9842856,115.7778075
NA,"253 Walcott St",41.7420514897959,-90.782277122449
NA,"1 The Esplanade",-36.7456968,174.7602281
NA,"69 North Lake Rd",43.9470901417049,-79.4521442742832
NA,"10 Beamish Ave",-31.6578901,116.670268
NA,"6 Marina Bvd",38.0376446182451,-121.885724506674
NA,"11 Roberts St West",-43.2641628,170.3661602
NA,"80 Carrington St",42.4066145851573,-77.4158399748403
NA,"480 William St",42.8622735,-77.0053569168225
NA,"Lot 2065 Wilson St",NA,NA
NA,"205 West Coast Hwy",1.2666081,103.8259504
NA,"492 Mandurah Rd",-32.3980429,115.7713793
NA,"Lot 5553 Great Northern Hwy",NA,NA
NA,"3 Canning Hwy",-31.991996,115.8681349
NA,"216 Lakey St",42.2289651632653,-121.720084653061
NA,"2 Fortyn Ct",-28.7912318,114.6161075
NA,"1333 Great Northern Hwy",-18.2032038,125.5716135
NA,"2 Napoleon Prom",-33.67500315,115.25125705029
NA,"66 Kent St",-33.7687279,151.0750008
NA,"1-9 Gnangara Dr",-32.3155082,115.7531554
NA,"1 Niche Pde",-31.7916712,115.8523617
NA,"621 Wanneroo Rd",-31.8590427,115.8262153
NA,"274 Erindale Rd",-35.8215553,146.3159061
NA,"337 Cambridge St",42.3714174,-71.0816358548873
NA,"30 Thomas St",40.80545795,-73.2629648048967
NA,"88 Champion Dr",39.6303281072279,-79.320671200651
NA,"239-247 High Rd",-36.7846918,174.7220507
NA,"115 North West Coastal Hwy",-28.7689747,114.6243222
NA,"93 Capel Dr",40.8027977751935,-73.3515867189198
NA,"14755 South Western Hwy",-32.9128017,115.9002022
NA,"142 Dunreath Dr",-31.9415463,115.9507309
NA,"60 Bussell Hwy",-33.3665768,115.6455372
NA,"24 Maitland Rd",-33.0231346,27.858031
NA,"4 Johnston St",-41.11025,175.3327759
NA,"11 Charlotte St",-35.9349199,173.8632595
NA,"1230 Rosa Brook Rd",-33.9399227,115.2148466
NA,"8222 South Western Hwy",-32.9128017,115.9002022
NA,"46 Clarendon St",52.39962385,-1.53538167818494
NA,"39 Moreton Tce",51.4893317,-0.1379051
NA,"7 Clementson St",-17.9714517,122.2221567
NA,"125 Robinson St",43.0581918,-76.126977
NA,"520 Robinson St",-24.8649142,113.6938183
NA,"5 Margerison St",-34.2591973,116.1462491
NA,"21 Willis St",53.95302525,-1.07109198039773
NA,"38 Peel Tce",52.81707515,-2.11568872056869
NA,"254 South Western Hwy",-32.9128017,115.9002022
NA,"127 Giblett St",-32.3618123,115.9810443
NA,"48 McLarty St",34.973197,-80.518716
NA,"111 Morgans St",-31.9032154,115.8331962
NA,"2 Brinsden Rd",-30.7768981,121.4307203
NA,"1309 Lower Denmark Rd",40.811947,-74.993349
NA,"2 Huston St",44.1475191,-78.4617878
NA,"67 Lundy Ave",39.8698127142857,-75.0340136938776
NA,"54 Cumberland Rd",52.5354857,-1.9906201
NA,"53 Emanuel Way",38.0283032,-121.255126
NA,"Lot 277 Great Northern Hwy",NA,NA
NA,"18 Nockolds St",-34.9764696,116.7310162
NA,"7 South Western Hwy",-34.16355115,116.18423805732
NA,"94 Ommaney Rd",51.4715588,-0.0425527
NA,"328 Marine Tce",35.5452495,-121.093525
NA,"12 Auger Way",38.8194094830631,-78.7533643198893
NA,"84 Strelly St (Cnr Fairlawn Rd)",NA,NA
NA,"20 Great Eastern Hwy",-31.9329157,115.9400686
NA,"2 Bayview Dr",45.9756199,-61.1137485
NA,"28 Blackwood Rd",-27.4587984,153.1731297
NA,"143 Throssell St",-30.7587745,121.4600513
NA,"65 Roberts St",42.2397921,-71.0140096635118
NA,"40 Kent St",40.58121035,-74.1323411705341
NA,"81 King Rd",42.8275226,-78.6881063
NA,"14270 South Western Hwy",-32.9128017,115.9002022
NA,"63 Avon Tce",40.5747966818932,-74.3342550949118
NA,"213 Harbour Rd",-37.9798706,177.0932096
NA,"777 Great Northern Hwy",-18.2094367,125.5781641
NA,"154 Albany Hwy",31.7190039629366,-84.3484948350781
NA,"1615 Canning Rd",44.7845665359108,-79.3944299546971
NA,"47 Albany Hwy",42.7449108,-73.7008472492863
NA,"22 Bashford St",40.9358481979259,-73.9004324168618
NA,"2263 Mandurah Rd",-32.3980429,115.7713793
NA,"12425 Bussell Hwy",-33.4027143,115.6366084
NA,"7 Hutton St",10.65392,-61.421026
NA,"63 William St",40.6312992,-74.0783681796471
NA,"103 Calista Ave",44.5418903669024,-72.0256864138831
NA,"2341 Albany Hwy",44.6417307797006,-123.128994374037
NA,"69-71 Wilson St",52.91886625,-1.47925788302466
NA,"2 Cockatoo St",-26.1521269,28.2877625
NA,"2 Cowle St",-23.7015683,133.8663127
NA,"557 Albany Hwy",31.7536643979592,-84.422611622449
NA,"17 Brisbane St (Cnr Pier St)",NA,NA
NA,"Cnr Pinjarra Rd & Carey St",NA,NA
NA,"10805 Brand Hwy",-31.2732227,115.8435339
NA,"639 Frenchmans Bay Rd",NA,NA
NA,"259 Railway Ave",43.3581030622222,-80.9908496155556
NA,"512 Rudds Gully Rd",-28.8181769,114.6946666
NA,"43738 South Coast Hwy",-33.9378368,118.9206696
NA,"119 Main St",55.75650505,-6.28782158574281
NA,"16 Main St",52.87134635,-0.99122407820103
NA,"1 Fortyn Ct",-28.7912952,114.6166799
NA,"74 Bashford St",40.9362889676287,-73.900327247448
NA,"Cnr Great Eastern Hwy & Yilgarn Ave",NA,NA
NA,"108 Great Northern Hwy",-31.550335,115.9965723
NA,"753 Geraldton-Mt Magnet Rd",-28.6994883,115.101378
NA,"48 Lowood Rd",-34.6278192,117.6623435
NA,"20 Paterson St",-45.89785,170.42859
NA,"22 Fairway St",-27.3263681,153.0096135
NA,"Lot 315 Great Northern Hwy",-31.550335,115.9965723
NA,"49 Great Eastern Hwy",-31.8955718,116.0327746
NA,"7 Mead St",-36.8844638,174.681310673833
NA,"1 Davison St",45.0669715,-64.172995
NA,"6 Beacham Rd",41.9449426187492,-73.8310170097618
NA,"443 Great Eastern Hwy",-31.9293567,115.9464861
NA,"6 Windy Harbour Rd",53.8506942,-2.9249772
NA,"17 Zamia St",7.1414409,125.63555
NA,"4 Bayonet Head Rd (Cnr Lower King Rd)",NA,NA
NA,"31 Barlee St",-26.4758139,152.9472711
NA,"10 Nockolds St",-34.9754012,116.7350616
NA,"6947 South Western Hwy",-32.9128017,115.9002022
NA,"52 Mitchell Rd",49.6855852,-125.0238888
NA,"200 Mirrabooka Ave",-31.8297233,115.854040631798
NA,"10 Orchard Ave",40.86687355,-73.1634666044033
NA,"229 Balcatta Rd",-31.8585049,115.802284
NA,"67 Ridge Bvd",-32.3537278,115.8077808
NA,"502 Guildford Rd",-31.9319307,115.8896396
NA,"681 Albany Hwy",42.7080773,-74.0055406
NA,"16-20 Clayton St",36.2403709,-115.1711266
NA,"33 Belvidere St",-31.9464975,115.9396016
NA,"7080 Forrest Hwy",-32.6283075,115.8144541
NA,"1 Brittain Rd",-33.3597468,115.6459554
NA,"265 Great Eastern Hwy",-31.4817557,118.2624758
NA,"99 Causeway Rd",44.6556728006829,-63.2766370533504
NA,"8 Kardan Bvd",-32.207361,115.9779297
NA,"59 Hudson St",41.382259,-74.6877584
NA,"49 Norseman Rd",-33.8325319,121.8963696
NA,"393 Canning Hwy",-31.991996,115.8681349
NA,"8 Repton St",-31.85108475,115.968604392079
NA,"61 Walter Rd West",40.9407439708024,-76.8581518926903
NA,"Lot 6 Beckwith Rd",53.4348967,-1.3159919
NA,"1400 Great Eastern Hwy",-31.9329157,115.9400686
NA,"1182 Chapman Rd",-28.6713726,114.6221592
NA,"16 Johnson St",41.3659266,-71.8424435
NA,"1 Wishart St",-33.7889218,151.0937296
NA,"216 Rockingham Rd",52.4134841,-0.72974687237528
NA,"224 Clontarf Rd",-32.0756339,115.7742077
NA,"81 Uduc Rd",-33.0806369,115.8970209
NA,"81 Quill Way",40.6247383682353,-74.5347231640116
NA,"494 Kalamunda Rd",-31.9295004,115.9967776
NA,"49 Candlewood Bvd",26.414876,-80.103204
NA,"26 Kalamunda Rd",-31.97544535,116.051907760658
NA,"9 Kayili Rd",-30.7853293,121.4304203
NA,"77 Egan St",40.5565859591837,-74.3454264285714
NA,"164 Brookton Hwy",-32.1076862,116.0890462
NA,"157 Morley Dr",-31.8871113,115.938109600259
NA,"2257 Victoria Hwy",-14.493791,132.2548748
NA,"32 Bandicoot Dr",41.3316562379752,-88.6923222565844
NA,"Cnr Mandurah Rd & Beach St",NA,NA
NA,"220 Gnangara Rd",-31.7957477,115.8878366
NA,"194 Canning Rd",41.503927524849,-74.2572728162507
NA,"2 Lynwood Ave",43.6859404,-79.4016016
NA,"137 Kelvin Rd",35.7760690942784,-83.9815003616068
NA,"182 Wanneroo Rd",-31.8188341,115.821172049944
NA,"1896 Beach Rd",44.9621921204433,-75.6622436067211
NA,"715 Pinjarra Rd",-27.5399093,152.9031532
NA,"1182 South Western Hwy",-32.9128017,115.9002022
NA,"25 Meadow Springs Dr",37.120984369126,-84.6413730313198
NA,"5/4 Hughie Edwards Dr",-31.6579614,115.7091467
NA,"232-234 Morrison Rd",39.6749108,-105.0815346
NA,"22 Anchorage Dr",34.8461039,-82.3787178314042
NA,"81 Guildford Rd",51.89435325,0.9079592
NA,"317 Albany Hwy",-36.7479354,174.6936463
NA,"7060 Great Eastern Hwy",-31.9329157,115.9400686
NA,"512 Rockingham Rd",38.1668901522892,-82.5401279273226
NA,"170 Murdoch Dr",-32.07899665,115.84306365
NA,"6043 Forrest Hwy",-33.2539516,115.7483845
NA,"2056 Wanneroo Rd",-31.7554631,115.8056494
NA,"311 Fitzgerald St",39.91890815,-75.1526858957723
NA,"5 Messmate Way",-15.7782348,128.7398907
NA,"8 Main St",52.871983,-0.990092210627818
NA,"60 Meares Ave",-32.2471435,115.8167817
NA,"204 Shiraz Bvd",-34.0375901,18.3580445
NA,"7 Maritana St",-30.7446588,121.4725024
NA,"4 Remisko Dr",-32.1422043,115.9743127
NA,"770 Brookton Hwy",-32.1157007,116.0832658
NA,"96 Great Eastern Hwy",-30.9602981,121.1213949
NA,"1 Altitude Ave",45.2438451,-75.7447183
NA,"1540 Bussell Hwy",-33.4027143,115.6366084
NA,"15323 Great Eastern Hwy",-31.9329157,115.9400686
NA,"156 Brand Hwy",-28.8027948,114.6208981
NA,"1383 Great Northern Hwy",-18.2032038,125.5716135
NA,"162-170 Albany Hwy",-32.030846,115.9629585
NA,"1 Brady St",32.0591458,-81.0998785116485
NA,"951 Wanneroo Rd",-31.6101151,115.7126511
NA,"649-651 Safety Bay Rd",-32.3038391,115.7114156
NA,"604 Welshpool Rd East",-32.0155012,116.0470014
NA,"3 Manganese St",-27.4294215,23.4447545
NA,"23 Kewdale Rd",-31.993562,115.9441874
NA,"3381 Great Eastern Hwy",-31.806759,116.3619468
NA,"1 Ikara Lane",NA,NA
NA,"398 Hector St",42.4455879424619,-76.5170286458285
NA,"40 Harbour Rd",-37.9761312,177.0740201
NA,"10513 Brand Hwy",-31.2732227,115.8435339
NA,"2 Clinch Rd",27.755629,-81.548832
NA,"256 Deepdale Rd",46.2306365464477,-61.2731250546183
NA,"120 Flores Rd",31.5349974502815,-92.7185111164834
NA,"Cnr John Willcock Link & Portway",NA,NA
NA,"57 Great Eastern Hwy",-31.9329157,115.9400686
NA,"81 Oliver St",43.165252,-78.682643
NA,"Lot 3 Great Northern Hwy",-20.3804014,118.6403958
NA,"620 Chapman Rd",-28.7196691,114.6273591
NA,"4641 Great Eastern Hwy",-31.9329157,115.9400686
NA,"27 Company Rd",-43.896803,171.7804384
NA,"2 Falls Rd",40.01575635,-74.057263445737
NA,"12 Longstaff Ave",52.7034786,-1.9522637
NA,"2539 Great Northern Hwy",-18.2032038,125.5716135
NA,"69 South Coast Hwy",44.635839489278,-124.053063050755
NA,"147 Harbour Rd",-37.9785117,177.0854156
NA,"472 Great Eastern Hwy",-31.9252217,115.9519335
NA,"36 Welshpool Rd",-31.9936097,115.9192965
NA,"102 Deepdale Rd",46.2372816662851,-61.2718188889631
NA,"2095 Toodyay Rd",-31.8675746,116.0273925
NA,"1100 Abernethy Rd",45.3639447743457,-122.588339680423
NA,"2 Jarrahdale Rd",-32.3345696,116.0569589
NA,"629 Lower King Rd",-34.9682954,117.9249361
NA,"31 Dreyer St",-29.1182832,26.1913576
NA,"44 Egerton St",49.42206945,-82.433991929494
NA,"6519 Albany Hwy",36.9109079090909,-85.0965747272727
NA,"101 Guy St",45.0187292,-74.7054416
NA,"Lot 1 Newman Dr",-17.2098283,145.444149
NA,"280 Fourth St",44.7478369,-79.8908371
NA,"86 Avon Tce",40.5742968525425,-74.3344968027166
NA,"Lot 24 Albany Hwy",-32.1517987,116.0277271
NA,"16 South Yunderup Rd",-32.5845472,115.7806522
NA,"1287 Brookton Hwy",-32.1148281,116.1456944
NA,"4 Cassidy St",-37.7895034,175.3026011
NA,"309 Albany Hwy",-36.7486208,174.6940421
NA,"178 South Western Hwy",-32.9128017,115.9002022
NA,"335 Collier Rd",33.3373540067529,-89.1643832452691
NA,"13 Whyalla Ct",-32.0951297,115.8026817
NA,"26 Davis St",41.5883523,-73.0893372
NA,"49 Reid Rd",-38.0702326,177.0069757
NA,"801-803 South Western Hwy",-32.9128017,115.9002022
NA,"45 South Coast Hwy",44.6359502280119,-124.053029646096
NA,"916 Albany Hwy",44.7818933756294,-122.617060762308
NA,"3 Locke Lane",42.4404815,-71.1889133623746
NA,"9 Winterfold Rd",-32.074575,115.8157005
NA,"4 Walter Padbury Bvd",-31.8162281,115.7748802
NA,"150 Massingham St",51.5245674,-0.0469718
NA,"410-412 Orrong Rd",-31.9900026,115.93923
NA,"138 Albany Hwy",31.7192055560074,-84.3486018390236
NA,"2 Feilman Dr",-32.2596526,115.8055172
NA,"779 Gnangara Rd",-31.7957477,115.8878366
NA,"1 Rose St",43.0503859,-74.3641845
NA,"31763 Albany Hwy",44.5036447217988,-123.108590987124
NA,"791 Beaufort St",-31.92594775,115.880189330336
NA,"182 Leach Hwy",-32.0073393,115.9241045
NA,"2038 Wanneroo Rd",-31.6916696,115.7599059
NA,"31 Fitzgerald St",-33.70458435,150.314530346977
NA,"479 Scarborough Beach Rd",-31.9141914,115.8221927
NA,"121 Quinns Rd (Cnr Tapping Way)",NA,NA
NA,"50 Rifle Range Rd",-28.7840873,114.6293431
NA,"11 Wygonda Rd",-32.112534,116.0708569
NA,"49 Berrigan Dr",-32.0905197,115.8637076
NA,"Lot 101 Terrier Pl",37.5425025,-122.3569451
NA,"2 Servetus St",-31.97625,115.7670223
NA,"28 Northerly St",-33.676247,115.2503397
NA,"126 Forrest Rd",37.137684,-76.3667046319094
NA,"268 Great Eastern Hwy",-31.9365391,115.9334303
NA,"309 Guildford Rd",-31.9242259,115.918007
NA,"168 Walter Rd West",-31.9085114,115.8805513
NA,"495 Beechboro Rd N",-31.8889336,115.924416
NA,"169 Hampton St",38.8303122208411,-78.7636022522845
NA,"375 Bussell Hwy",-33.4027143,115.6366084
NA,"42 Strickland St",41.7876732,-72.5260783
NA,"868 South Western Hwy",-32.9128017,115.9002022
NA,"427 Charles St",46.5269637656732,-84.3444860231719
NA,"1 Bayley St",43.0979892,-81.9940397
NA,"45 South Western Hwy",-32.9128017,115.9002022
NA,"114 Rockingham Rd",42.91255795,-71.3653726995988
NA,"46 South Western Hwy",-32.9128017,115.9002022
NA,"4 Ocean St",-38.5450182,145.4747453
NA,"2 Rafferty Rd",42.4815467,-71.1053948341971
NA,"430 Morley Dr",35.0679161311845,-79.0074414456003
NA,"9 McVicar Pl",-31.8780576,116.210358
NA,"66 Sylvia St",42.423619,-71.1938772
NA,"58 George St",-41.5141243,173.9505376
NA,"35 Blackburn Dr",44.6598597135551,-63.9520670983451
NA,"367 Caves Rd",39.1114326656734,-82.6758799560077
NA,"333 Rockingham Rd",36.4175818753609,-82.4166548498123
NA,"123 Thomas St",28.5760067,-81.8869696
NA,"2086 Toodyay Rd",-31.8675746,116.0273925
NA,"157 Grand Ent",35.685912,-121.168439431407
NA,"1447 Great Northern Hwy",-18.2032038,125.5716135
NA,"964 Wanneroo Rd",-31.6101151,115.7126511
NA,"89 South Western Hwy",-32.9128017,115.9002022
NA,"124 Welshpool Rd",52.9416693,-1.4525277
NA,"10428 Bussell Hwy",-33.4027143,115.6366084
NA,"109 Barrington St",-43.5628914,172.6247913
NA,"44 Mandurah Rd",-32.3980429,115.7713793
NA,"2 Kalamunda Rd",-31.9778999,116.0612082
NA,"1 Evans Rd",51.46971685,-2.61259817011142
NA,"32 South Western Hwy",-33.78611,115.9842356
NA,"41 Angove St",-33.683488,150.8964351
NA,"260 Middleton Rd",-45.9097373,170.4681659
NA,"225-227 Albany Hwy",31.7435595,-84.4147992
NA,"1 Darch St",-31.3391049,115.5015528
NA,"21 Jose St",26.4011538125,-99.0142766875
NA,"19 Station St",-33.7088769,150.313367279355
NA,"7 Honeybee Pde",-31.7032728,115.798707508
NA,"3 Marvel Ent",-31.8325481,115.9675282
NA,"81-93 West St",35.72652365,-78.8585639780471
NA,"2 Sepia Ct",-32.2921288,115.7435246
NA,"377 Wanneroo Rd",-31.87312,115.8297914
NA,"159 Altone Rd",-31.8849317,115.9443775
NA,"918 Canning Hwy",-31.991996,115.8681349
NA,"2 Hollosy Way",-31.732841,115.8040819
NA,"614 Baldivis Rd",-32.2900497,115.8293104
NA,"91-93 Manning Rd",-38.1226285,145.1369383
NA,"11 Headingly Cr",-31.654251,115.71250868457
NA,"Lot 22 South Western Hwy",-32.9128017,115.9002022
NA,"510 Beach Rd",-36.7293542,174.7504737
NA,"7 Ocean Keys Bvd",-31.6911894,115.7332619
NA,"191 Bailey Bvd",41.6130619214223,-71.5259390079247
NA,"112 Oakleigh Dr",31.766318517301,-85.9650993240469
NA,"2 Baroy St",-32.5816961,115.6612889
NA,"63 Alex Wood Dr",-32.14108065,115.96600609594
NA,"2 Jon Sanders Dr",-31.908657,115.8014358
NA,"2100 Albany Hwy",44.6415878168574,-123.129374930418
NA,"35 Minilya Pkwy",-32.5298916,115.7640123
NA,"967 Abernethy Rd",45.3634809698251,-122.59008389656
NA,"420 Joondalup Dr",-31.7442395,115.7665936
NA,"146 Boulder Rd",43.0551596,-76.2062381
NA,"581 Hannan St",-40.622744,175.2750616
NA,"2 Fenton St",42.2259655,-71.516780885223
NA,"76 Malaga Dr",39.4650033180318,-75.2364568696257
NA,"1 Capital Rd",35.059576,-106.17542
NA,"585 Canning Hwy",-31.991996,115.8681349
NA,"296 Benara Rd",-31.8754474,115.9096224
NA,"7 Broadway",28.33841085,-81.5761543744061
NA,"868 Pinjarra Rd",-32.5952963,115.8275983
NA,"240 Toodyay Rd",-31.8203756,116.1279746
NA,"79 Buckingham Dr",51.4814172,-0.964892500000003
NA,"2 Bristol St",42.32024105,-71.7914571
NA,"2 Cunningham Rd",41.78711505,-70.533329262384
NA,"18 Orchard Rd",50.3941554,-4.16094401614892
NA,"131 Welsh Dr",37.7474368138232,-84.323819523628
NA,"12-14 Cajarina Rd",-20.3811804,118.58675
NA,"1 Mandurah Rd",-32.3980429,115.7713793
NA,"183-187 Mandurah Tce",-32.5048521,115.7412234
NA,"1 Wilfred Rd",51.01611035,-3.09418932209947
NA,"180 The Promenade",40.8067795155285,-73.9873342280341
NA,"1 Canham Way",-31.8222847,115.820611
NA,"342 Beaufort St",42.148276,-84.0343357142857
NA,"78 Old York Rd",35.146044289084,-84.7357887952819
NA,"128 West Coast Dr",40.1178024285714,-123.8133155
NA,"229B Hampton Rd",51.8713657,0.2857786
NA,"459 Nicholson Rd",-32.06335645,115.936304312953
NA,"4267 South Western Hwy",-32.5225732,115.9700648
NA,"84 Strelly St",-33.6631886,115.3489759
NA,"2507 Toodyay Rd",-31.8675746,116.0273925
NA,"9 Norton Prom",-33.3958765,115.6372718
NA,"30215 Brand Hwy",-31.2732227,115.8435339
NA,"4 Bayonet Head Rd",-34.9814812,117.9295482
NA,"6 Pelias St",-21.937845,114.1253901
NA,"51 South Western Hwy",-33.08406275,115.907538860946
NA,"13 Stebbing Rd",47.5309714258213,-116.245754383794
NA,"1602 Pinjarra Rd",-32.5351541,115.7167013
NA,"121 Quinns Rd",43.6380484871227,-65.4794253714708
NA,"1369 Wanneroo Rd",-31.6916696,115.7599059
NA,"6 Birnam Rd",42.6915174172444,-72.445759986807
NA,"159 Milner Rd",34.890510913266,-91.9576047807004
NA,"630 Karel Ave",-32.09023855,115.870534565017
NA,"390 Nicholson Rd",45.9909396839741,-62.8672532892375
NA,"1031 Mardie Rd",-20.7769247,116.8612558
NA,"58 Montana Cres",43.9661242579152,-78.9683763347643
NA,"2 Wattleglen Ave",-32.5649613,115.6815331
NA,"370 Baldivis Rd",-32.2900497,115.8293104
NA,"1133-1135 Albany Hwy",-32.1808235,116.0731711
NA,"52 Thundelarra Dr",-32.4186874,115.7595014
NA,"1 South St",52.25694535,-0.6697187
NA,"147-149 Grand Ent",35.685912,-121.168439431407
NA,"227 Morrison Rd",-33.821582,151.1082996
NA,"276 Port Dr",35.1831734150153,-85.1696464783699
NA,"370 Victoria Rd",-37.7546999,145.014839748378
NA,"9850 Forrest Hwy",-32.6283075,115.8144541
NA,"137 Market St",42.9426034,-74.1877968
NA,"133 Ghost Gum Bvd",-31.7021785,115.8018676
NA,"24 Dooley St",40.5843821,-73.945665
NA,"9 Pritchard St",-27.3738377,153.0614069
NA,"3 Herdsman Lane",30.1832131,-92.1383501
NA,"83 Flores Rd",34.4596001017721,-106.329396409348
NA,"1 Harlond Ave",-31.857203,115.8900495
NA,"24 Albany Hwy",-33.0291241,116.8793503
NA,"5 Albina Ave",41.6074311914669,-70.4424856044299
NA,"Airport Dr (Cnr Paltridge Rd)",NA,NA
NA,"2533 Great Northern Hwy",-31.67191145,116.031413962913
NA,"13 Picton Rd",10.590646,-61.136156
NA,"374 South St",42.3048081,-75.874093
NA,"17 Brisbane St",-45.035405,168.6643438
NA,"1/1163 Albany Hwy",-32.1808235,116.0731711
NA,"8D Picton Rd",51.3341978,1.4064645
NA,"15 Albatross Cres",-34.0167232,25.3676489
NA,"Cnr Westfield Rd & Ypres Rd",NA,NA
NA,"190 Railway Pde",-33.73084075,150.605665384174
NA,"12 Erade Dr",-32.1182511,115.9165495
NA,"51 Tiffany Ctr",-33.396569,115.6357771
NA,"115 Dixon Rd",41.4239382,-73.7265874
NA,"302 Blair St",36.72741905,-76.6404738312936
NA,"200 North Lake Rd",42.1986093,-74.0896978
