address,ADDRESS,latitude,longitude
,31 South Western Highway,115.90540695384617,-32.936267123076924
,194 Great Eastern Highway,116.73663185,-31.635708299999997
,174 Balcatta Road,115.81747563549592,-31.862499994369575
,102 Princess Road,176.12584553602707,-37.68193882222224
,1/300 Joseph Banks Bvd,151.90174384772723,-24.208402628977275
,302-318 Collier Road,-121.27955460978723,38.21891724638299
,35 Port Kembla Drive,-86.56418673286382,36.20650592347415
,492 Marmion Street,113.67908381111111,-24.86624122962963
,270 Butler Bvd,-74.143454528169,39.888131928169
,25 Abernethy Road,0.0009912306436119032,51.45990217814612
,215 Campbell Road,,
,232 Orrong Road,115.9168587281957,-31.971594050135998
,2131 West Swan Road,115.973431204762,-31.897231882857152
,814 North Lake Road,115.84775262840232,-32.121920617278086
,2 Haydock Street,-2.6383315997101446,53.45336686251198
,303 Corfield Street,116.00962013846156,-32.09708442967033
,13 Lakes Road,-74.19168276591759,41.32792448352061
,1 Eaglemont Street,115.75145723328212,-32.521995004294496
,120 Yellowwood Ave,-78.29630522898552,35.71951031014493
,1256 Armadale Road,115.98971684911912,-32.14721821035241
,8 Buick Way,115.76709134195904,-31.75170862273392
,4 Church Street,152.88557502261273,-27.371622001081075
,105 Champion Drive,-97.36086684247786,30.986710072566378
,8 Mullingar Way,115.83781259721871,-31.805852541972225
,1969 Albany Highway,-123.24088270821645,44.586572104007985
,650 Marshall Road,-98.54313219444447,28.452713522222226
,324 The Broadway,0.14179804479637975,52.19898706943195
,296 Pinjarra Road,115.72271273588454,-32.53180757402758
,40-42 Great Northern Highway,118.6360657917526,-20.38002457835052
,8 Clayton Street,-122.44881663512605,37.773731071884214
,231 Morrison Road,-65.91454024600263,45.329968264089125
,162 Russell Street,-77.4736627348837,44.507116058914725
,235 Welshpool Road,-1.4543249193758123,52.94114456638489
,129 Dixon Road,-84.49315377964604,34.34481426814158
,481 Balfour Street,-73.69216809386107,40.68499291857834
,660 Beeliar Drive,115.80852881256561,-32.12898730013087
,125 Murdoch Road,-124.0505545731707,49.620123639024385
,79 Gnangara Road,115.97890114295447,-31.792167724090913
,929-931 Wanneroo Road,115.82621398749991,-31.860179610461934
,990 Wanneroo Road,115.82621398749991,-31.860179610461934
,332 Hale Road,-72.32959648980584,41.76146845242717
,86 South Coast Highway,-117.29124540834883,33.04842749821761
,3 Armadale Road,174.79440654538107,-36.884240925404114
,Lot 602 Forrest Highway,,
,Lot 601 Forrest Highway,115.71816834285713,-33.21049449642857
,39 Bussell Highway,115.6470228947368,-33.373480584689
,Lot 50 Mandurah Road,115.74384354067479,-32.5121196333925
,40 North West Coastal Highway,113.96023915999999,-25.352242979999996
,287 Place Road,-81.97974754117648,33.076787411764705
,3249 Albany Highway,-84.4117395888889,31.74155535555555
,80 Old Coast Road,-122.19421146487804,37.01199240195122
,59 Great Eastern Highway,116.73663185,-31.635708299999997
,69 Pinetree Gully Road,115.87779312299685,-32.060823303954216
,1443 Albany Highway,-122.61791328800001,44.78677853360001
,121 Collins Road,-2.659120261293635,53.73323028747434
,226 Morrison Road,151.10908353907885,-33.821465703026334
,40 Benara Road,115.93269293902067,-31.874914248516287
,941 Whitfords Ave,115.82377560656776,-31.802493393432215
,35 Albany Highway,-122.61395565064934,44.77457309805195
,848 Canning Highway,115.84194248527517,-32.0142313431498
,530 Canning Highway,115.81428252602235,-32.03423405
,100-102 Blackwood Ave,-119.65128613678411,36.807835239647574
,53 Erindale Road,115.80045120928465,-31.86845729086755
,Lot 191 Paparone Road,115.8227838490938,-32.31515389833837
,Lot 192 Leary Road,-64.23522386481478,46.70435772083334
,2/909 Mandurah Road,115.74384354067479,-32.5121196333925
,2 Illawarra Cres North,115.88087093547178,-31.82923449849055
,1084 Great Northern Highway,118.6360657917526,-20.38002457835052
,701 Beeliar Drive,115.80852881256561,-32.12898730013087
,261 Eddystone Ave,-79.51741818746844,43.74823517949367
,2 Wellard Street,147.8533199577981,-43.138701172477056
,2 Coghlan Street,-74.20174724708993,39.61381623809524
,83 Wheatley Drive,-73.30654984464287,42.34462012678573
,26 Albert Street,0.8977057618407976,51.89577297995022
,13 Bannister Road,-71.16204678884894,42.633535706474795
,1134 North West Coastal Highway,113.707976675,-24.861904521875
,40 Bennett Street,151.08252335152397,-33.80918375529754
,28K Caloundra Road,153.10134369417042,-26.79149427847533
,138 Loch Street,-79.37369149748746,39.39610405829146
,210 Great Eastern Highway,116.73663185,-31.635708299999997
,2 Prendiville Ave,115.73838940717532,-31.75365184123005
,44 Archer Street,138.5989613346226,-34.90669821074279
,2 Sunlander Drive,115.7462004234063,-31.72609629098364
,68-70 Brown Street,-75.40877745051549,38.910723681443294
,190 Karrinyup Road,115.76702953708136,-31.873906600956925
,4 Chisham Ave,115.82141023083616,-32.244735740940776
,218 Main Street,-5.353108834268383,36.1411100084913
,2 Ridgewood Bvd,-81.09990827475009,40.732870423000016
,246 Leach Highway,115.93190018326442,-31.986298939876054
,349 Charles Street,-73.20030552664711,41.19440684245973
,2 Warburton Ave,-71.47825778399998,41.56837618342858
,214 Warnbro Sound Ave,115.76148151833988,-32.39773818629342
,222 Rockingham Road,-79.87373729045444,40.49691515852272
,339 High Road,115.90284370528352,-32.03982537435898
,2 Chalgrove Ave,-0.19966713718140908,51.39519435887052
,9 Mends Street,-13.234924448341236,8.477187256714066
,810 Beeliar Drive,115.80852881256561,-32.12898730013087
,261 Walter Road West,-78.625148175,34.8381631
,240 Cambridge Street,-76.12296500937819,43.04213786146792
,11 Scarborough Beach Road,115.78895160604033,-31.89843313342278
,1 Roy Earl Drive,115.10433517769785,-33.8529451352518
,7 Welshpool Road East,115.98909355562493,-32.00330649875
,Lot 6 Great Eastern Highway,116.73663185,-31.635708299999997
,44A South Coast Highway,34.26342275263158,44.529890693421045
,19 Rodgers Street,-122.87666707217387,47.82249720521739
,4 Wanneroo Road,115.82621398749991,-31.860179610461934
,15 South Western Highway,115.90540695384617,-32.936267123076924
,238 Naturaliste Tce,115.10549743235285,-33.616265092810494
,137 Dixon Road,-3.6987798599524253,55.86121808699452
,2 The Gateway,-73.51797777999998,42.694163780000004
,484 Walter Road East,115.92231249584208,-31.893884720997942
,2 Alex Wood Drive,115.96966202635376,-32.14327307256318
,155 Hale Road,0.554557863436929,51.37921578098724
,Lot 1662 Shenton Street,,
,438 Hannan Street,121.45589625431475,-30.764348633502546
,19 Coolibah Drive,139.30276436166665,-35.11180887666667
,2 Guava Way,-77.33298827431196,18.457919734862383
,1520 Gnangara Road,115.97890114295447,-31.792167724090913
,68 Warton Road,-71.46851008284789,42.725203857605194
,2 Abello Bvd,115.69220957401681,-31.63607052956252
,110 Bashford Street,115.04022041190474,-30.303068237698415
,248 Celebration Road,-77.3425487347826,39.96302361739131
,Lot 35 Goldfields Highway,,
,88 Gilbertson Road,-122.513200870229,48.21588335038171
,1033 Mardie Road,116.86133946521736,-20.77103351304348
,30 Balmoral Road,174.32704213636362,-35.68103268000001
,Lot 9 Resource Road,-97.5652249490515,30.490796622222224
,2907 Albany Highway,-123.1362050255474,44.64610498394159
,48 Courtney Pl,-71.32334606603776,41.96114056100631
,549 Abernethy Road,-122.5978431115943,45.3622760001932
,28 Koondoola Ave,115.8605154439824,-31.84280449540478
,Cnr Stockman Road & Bull Run Road,,
,230-234 Nicholson Road,115.81136660414298,-31.95493811452892
,269 Kalamunda Road,115.97434456146789,-31.913058820183508
,304 Pinjarra Road,115.72271273588454,-32.53180757402758
,96 Giblett Street,115.97922979354841,-32.363913266129025
,73 Manning Road,,
,360 Anchorage Drive North,-80.05943365368216,26.808822814220424
,153 Gardiner Street,-68.44627539583331,46.00150512361111
,335 Walter Road West,-76.85325325535713,40.94077759107142
,25 Mitchell Road,-72.51018260948766,41.79965254421254
,101 Dampier Av,150.7457309381074,-33.74078103938621
,16 Tubada Street,120.86163928222226,-33.705956186666675
,37 Federal Street,-71.23727577861438,42.15962028433735
,1351 Rockingham Road,-72.50997471176473,43.20165791764709
,101 Great Northern Highway,118.6360657917526,-20.38002457835052
,386 Scarborough Beach Road,115.78895160604033,-31.89843313342278
,Lot 2 Eyre Highway,137.75459980309734,-32.47944958097346
,85 Forrest Ave,-72.86891153105933,40.804606500718144
,84 Brockman Street,115.99868909076922,-31.800384681538464
,Lot 202 Wimbridge Road,115.98733492593107,-31.998729189103475
,24 Wetherly Drive,-77.93783488876402,35.76567817668538
,90 Anderson Street,144.98556535829752,-37.83175231166916
,46 Bakewell Drive,-1.172676066626844,53.00417668438871
,47 Morgans Street,115.83282951448416,-31.902032365872987
,419 Great Eastern Highway,116.73663185,-31.635708299999997
,43 Hampton Street,-72.29338375469445,40.99745380596125
,30373 Brand Highway,115.50275094285715,-30.396224842857148
,18a South Western Highway,115.90540695384617,-32.936267123076924
,129 Stirling Highway,115.79753691508708,-31.978803880851068
,10895 Great Eastern Highway,116.73663185,-31.635708299999997
,188 Spencer Street,-81.54074450349647,43.61961065314683
,2 Throssell Road,118.6018925542858,-20.40913299824177
,30 Angove Road,138.5173541682714,-34.994663266520796
,13724 Great Eastern Highway,116.73663185,-31.635708299999997
,430 Safety Bay Road,115.79454634078947,-32.32917635921054
,Cnr Pinga Street & Anthill Street,,
,1 Ballantyne Road,-3.1784124906879985,55.97377202444803
,11 Wilurarra Road,121.4355924,-30.78264003703705
,85 Queen Victoria Street,-0.09517980586406957,51.5125313794861
,16 Albany Highway,-73.70105998354245,42.73889347196653
,190 North West Coastal Highway,114.62301666021321,-28.761891460746014
,380 Great Eastern Highway,116.73663185,-31.635708299999997
,80-82 Great Northern Highway,118.6360657917526,-20.38002457835052
,46458 South Coast Highway,34.26342275263158,44.529890693421045
,12 Bridgetown Road,-71.43969912477478,41.491092152252236
,64 Blackwood Ave,153.08029258857133,-27.47275571662343
,177-179 Great Eastern Highway,116.73663185,-31.635708299999997
,25 Preston Street,168.35017917605978,-46.38691311958766
,21 Edgewater Drive,-80.25645314338749,25.70758716914153
,12440 Bussell Highway,115.10233507916666,-34.19816105416666
,3 Carson Road,-2.1906695921604946,53.441996712962904
,211 Bussell Highway,115.07701666767684,-33.958693369899
,Cnr Rockingham Road & Lee Road,,
,177 O'Connor Road,-77.4590021178187,43.1027047883256
,150 Wanneroo Road,115.82621398749991,-31.860179610461934
,21 Coronation Drive,0.9070158250936327,51.40165372097378
,8B South Western Highway,115.90540695384617,-32.936267123076924
,3 Bandicoot Drive,-88.69730791736329,41.331836037299034
,634 Menang Drive,117.85511801428572,-34.96814321428571
,5 Cocos Drive,-81.68851881337794,28.871701115050172
,1 Spencer Street,-1.48387570810651,53.54834722863913
,124 Throssell Street,149.07983046761066,-35.324351631157676
,4267 South Western Highway (Cnr Del Park Road),,
,2 Cunningham Road (Cnr Great Eastern Highway),,
,1540 Anderson Road,-121.75789563732877,38.55813808698633
,Cnr Mandurah Road & Wellard Road,,
,76 Malaga Drive (Cnr Truganina Road),,
,54 Wetherell Street,-71.21570097045294,42.311904852336404
,12 Clayton Road,176.23062310465104,-38.12402149360466
,131 Welsh Drive (Cnr Pardoo Drive),,
,204 North Road,-1.5500557485893445,54.54018167061123
,1 Wimbridge Road,115.98733492593107,-31.998729189103475
,1 Princep Street,115.38285791348319,-33.6376909960674
,Cnr North Mole Drive & Rous Head Road,,
,159 Altone Road (Cnr Hull Way),,
,918 Canning Highway (Cnr Kintail Road),,
,50 Mavis Road,-76.82785267500002,35.02899237083333
,1 Forrest Ave,151.1170307929937,-33.70139149490445
,115 Strelly Street,115.34810584575479,-33.66248011886793
,11 Headingly Cr (Cnr Connolly Drive),,
,Lot 22 South Western Highway (Cnr Nettleton Road),,
,1346 Albany Highway,-122.61776649922481,44.78670569767443
,510 Beach Road (Cnr Duffy Road),,
,595 Robinson Street,113.7010071178571,-24.86388630833334
,7 Ocean Keys Bvd (Cnr Marmion Ave),,
,110-114 Bayley Street,0.5973177033175358,51.98888909905218
,191 Bailey Bvd (Cnr Dawesville Bypa),,
,365 Scarborough Beach Road,115.79723073584283,-31.90116922941176
,157 Lord Street,-0.09598801756473081,53.56889758439473
,1 Pratt Road,-62.55637964,46.37361264
,112 Oakleigh Drive (Cnr Old Coast Road),,
,59 Dempster Street,-87.9243337624213,42.03478054943254
,77 Maidstone Cr,-1.0759697529354209,50.84769051399218
,63 Alex Wood Drive (Cnr Armadale Road),,
,2 Jon Sanders Drive (Cnr Harborne Street),,
,158 Corfield Street,116.00962013846156,-32.09708442967033
,35 Minilya Pkwy (Cnr Lakes Road),,
,967 Abernethy Road (Cnr Grogan Road),,
,342 Beaufort Street (Cnr Bulwer Street),,
,Lakeside Joondalup Shopping Centre,115.76764035612507,-31.742935403500056
,146 Boulder Road (Cnr Connolly Street),,
,Lot 3861 Bathgate Road,,
,2877 Albany Highway,-123.1362050255474,44.64610498394159
,2 Fenton Street (Cnr Kewdale Road),,
,86 Kingsley Drive,-73.83542466331991,40.970329895716226
,319 Vincent Street,115.84041342331022,-31.93905042331042
,18 Orchard Road (Cnr Kelvin Road),,
,375 Great Eastern Highway,116.73663185,-31.635708299999997
,296 Benara Road (Cnr Beechboro Road North),,
,676 Stirling Highway,115.75791936297212,-32.01215947405538
,5895 Great Eastern Highway,116.73663185,-31.635708299999997
,10 Robson Way,-94.22167806454182,36.39331010199204
,1 Broadway (Cnr Stirling Highway),,
,Lot 1328 Newman Drive,119.73698739182059,-23.35721021345644
,2624 Wanneroo Road,115.82621398749991,-31.860179610461934
,391 Wanneroo Road,115.82621398749991,-31.860179610461934
,309 Stock Road,-83.27421007708335,42.95655808541667
,270 High Road,-0.11144811701388878,51.60085956782422
,111 Great Eastern Highway,116.73663185,-31.635708299999997
,29 Dixon Road,175.29863559467788,-37.82216010840336
,74 Scarborough Beach Road,115.78895160604033,-31.89843313342278
,420 Secret Harbour Bvd,115.76091151005251,-32.40824832097899
,67 Hamilton Road,153.05585854771576,-27.391636377664966
,194 Rokeby Road,115.82316448410609,-31.948667433834313
,316 Spencer Road,-75.43251728490834,40.05034718448519
,219 Yale Road,-75.06273398551909,39.893588911612035
,2 Bristol Street (Cnr Warnbro Sound Ave),,
,169 High Road,-1.2264828730923696,52.92076931907631
,436 Wanneroo Road,115.82621398749991,-31.860179610461934
,60 Bannister Road,115.93192345143774,-32.06875193354633
,91-93 Manning Road (Cnr Wyong Road),,
,382 Grand Prom,115.87067847042246,-31.895708364260603
,2100 Albany Highway (Cnr Mills Street),,
,581 Hannan Street (Cnr Ochiltree Street),,
,110 Ranford Road,115.93265588319382,-32.100993178326995
,2 Baroy Street (Cnr Old Coast Road),,
,810 Beaufort Street,115.8825301498321,-31.926035898992183
,537 Lake Road,-67.89234386666668,46.28584692
,2 Omeo Street,153.06681373357856,-27.55859245257354
,309 Morrison Road,-105.19075181645574,39.65441673227846
,79 Buckingham Drive (Cnr Hartman Drive),,
,6639 West Swan Road,115.973431204762,-31.897231882857152
,271 York Street,-71.09309930000002,42.17045408731343
,868 Pinjarra Road (Cnr Tonkin Drive),,
,204 Great Eastern Highway,116.73663185,-31.635708299999997
,2 Hollosy Way (Cnr Pinjar Road),,
,614 Baldivis Road (Cnr Safety Bay Road),,
,303 Great Eastern Highway,116.00614934057825,-31.89065041944167
,176 Canning Highway,115.81428252602235,-32.03423405
,490 Karrinyup Road,115.76702953708136,-31.873906600956925
,1 Capital Road (Cnr Alexander Drive),,
,585 Canning Highway (Cnr North Lake Road),,
,240 Toodyay Road (Cnr Lewis Jones Crss),,
,56 Albany Highway,174.71754547760673,-36.76097523853126
,1 Morwell Street,115.64309778432919,-31.549702778354543
,289 Beeliar Drive,115.80852881256561,-32.12898730013087
,12-14 Cajarina Road (Cnr Pardoo Street),,
,119 Kurnall Road,115.95416257421694,-31.999079192530115
,259 Bussell Highway,115.6470228947368,-33.373480584689
,11 Shorehaven Bvd,115.67703705979027,-31.5999664355245
,Cnr Grand Ent & The Promenade,,
,317 Millhouse Road,-86.30136308461536,35.57408497307691
,5 Hamelin Drive,115.91203011683983,-31.846565208108096
,162 Chester Pass Road,118.20455349999999,-34.27343053333333
,Lot 68 Pennant Road,-3.772351917857144,53.193940846428575
,36 Duchess Street,-71.46973474623287,41.694702551027376
,15 Sarah Cl,-1.8245554932955605,50.743726016902805
,25 Cecil Ave,-1.4389355947314595,50.92490752511505
,90 Robinson Street,-76.95300256051776,44.246393692880275
,1244 Marmion Ave,115.7378045287234,-31.73871377907806
,372 Grand Prom,115.87118350071677,-31.896385656630873
,106 Frederick Street,-80.13608692964827,43.612193522110545
,2 Recreation Drive,-81.33448346363637,27.124219447727285
,11 Main Street,-72.39070177809123,40.8852054995851
,651 Old Coast Road,115.66981390909092,-32.72215374545454
,5 Howtree Pl,115.7944550590614,-31.937328422815508
,78C Hale Road,0.5006211571428569,51.43314157926267
,59 Cathedral Ave,114.61098881555024,-28.77569448020896
,37 Canham Way,115.82067934556757,-31.821513440746468
,189 Winton Road,-73.25716468730157,41.15195487946427
,104 Brookman Street,-80.80268023117642,37.33934807823528
,Lot 1437 Warambie Road,,
,6 Chisham Ave,115.82141023083616,-32.244735740940776
,77 Attfield Street,115.75487775488749,-32.062525092668736
,207 Burslem Drive,115.97468601225887,-32.061423938429726
,168 Wanneroo Road (opp Giralt Road),,
,330 Pinjarra Road,115.74143664441209,-32.53286203875182
,10-12 Magenta Tce,115.74213805425096,-32.51040056740887
,89 Mottram Street,-1.4795543790874546,53.55458444971483
,53 Yirrigan Drive,115.86264553470848,-31.873283918776668
,60 Russell Street,138.51921823076316,-34.85369198769482
,86 Wellington Street,-77.47086355153844,44.509236391538444
,401 Scarborough Beach Road,115.79947129954826,-31.90259113071365
,150 Anderson Street,-79.40665743269227,35.34142590192309
,12 Saltaire Way,-72.54253649727272,41.01692323363637
,219 Hampton Road,-71.15498784355827,42.09833906319017
,752 North Lake Road,-74.06305498965519,42.19897063965519
,466 Warton Road,-77.77846733333331,40.419843444444446
,202 Warnbro Sound Ave,115.76148151833988,-32.39773818629342
,470 Whitfords Ave,115.74690949456938,-31.79777629550037
,20 Windsor Road,-72.79207739999995,41.6484998711712
,6672 Bussell Highway,115.6470228947368,-33.373480584689
,1014 North West Coastal Highway,113.7010071178571,-24.86388630833334
,57 Goldfields Road,118.27498147831328,-31.47601478915663
,16 Flinders Cct,153.02811908514602,-27.338286015119348
,12 Bald Island Road,118.40224233333333,-34.8812183
,570 Rosedale Road,,
,342 Albany Highway,-84.2914731,31.673435833333333
,250 Albany Highway,174.69936013987305,-36.75193864615382
,269 South Western Highway,115.90540695384617,-32.936267123076924
,1001 Joondalup Drive,115.76675104225107,-31.744978917597173
,34 Jackson Street,-72.77489428283873,41.68684456464519
,8 Durnin Ave,-90.54757882428204,41.51801183446476
,1128 Albany Highway,-122.61750415467623,44.784600797841726
,1 Timberyard Way,115.80822516338978,-32.120129858983034
,394 Canning Highway,115.79236338747513,-32.033859401789265
,35 Frank Street,172.61056315729778,-43.49666172593479
,71 Cranford Ave,-74.12490154628463,40.57140985165619
,19 Napier Tce,176.91000503655823,-39.489210005392586
,44 Benningfield Road,-85.29566758095238,37.460137442857146
,9805 Forrest Highway,115.71816834285713,-33.21049449642857
,70 Forrest Ave,115.64550740120191,-33.33956467620197
,88 Causeway Road,138.49401110592208,-34.8420190664756
,61 Butler Bvd,-73.69310503225411,40.70706557521792
,280 Bannister Road,115.89733396179108,-32.07272941900502
,1 Johnson Road,-70.32113514277113,43.65131133855418
,269 Stirling Highway,115.75791936297212,-32.01215947405538
,36 Ocean Keys Bvd,115.71944541910104,-31.690472552941205
,223 Belmont Ave,-73.56525439808668,40.719282467270936
,57 Johnston Street,-76.13897077113403,45.12821335395189
,47 Church Road,1.1604469277716796,51.7934285135017
,67 Walter Road West,-78.625148175,34.8381631
,193 Warwick Road,-1.8068907603494633,52.4381184471774
,64 Dunn Bay Road,115.10580383180319,-33.61670746622955
,57 Joondalup Drive,115.76675104225107,-31.744978917597173
,3 Goodwood Cres,-1.3194402528643205,52.95826124442209
,25 Andrew Street,-80.50420234000005,43.455302694351055
,87 Great Northern Highway,118.6360657917526,-20.38002457835052
,2 Strelitzia Ave,31.747834748591544,-28.96456686408451
,101 Hampton Road,-71.15314814107144,42.10453529166665
,60 Marangaroo Drive,115.8780335223614,-31.833552366368515
,14 Guava Way,115.70400388409418,-32.54894838865836
,3 Guildford Road,-0.3332272939130433,51.29425199097824
,6 Jersey Street,151.12889197901234,-33.73404506419754
,222 Manning Road,,
,6 Madigan Road,-73.58902960625001,42.86936683125
,13 Searipple Road,116.84689311363645,-20.733281946590917
,518 Abernethy Road,-122.59808487869327,45.36210722556816
,47 Renegade Way,115.8025677551537,-31.819674974502696
,17 Poinciana Street,152.960204442384,-27.59415563807949
,4 Beach Street,176.99090329863327,-37.95291891138953
,49 Banksiadale Gte,115.7634472311688,-32.47063263831168
,70 Nicholson Road,174.79187714067342,-41.25044653212438
,29/51 Farrington Street,144.2882254868979,-36.758397045472066
,117 Burslem Drive,115.97468601225887,-32.061423938429726
,492 Alexander Drive,-97.35546624290122,37.56762764012347
,Cnr Pinjarra Road & Watson Drive,,
,78 Bussell Highway,115.6470228947368,-33.373480584689
,Lot 821 Main Street,-76.7670607654762,41.10739591904761
,Lot 46 Great Northern Highway,118.6360657917526,-20.38002457835052
,582 Stirling Highway,115.75791936297212,-32.01215947405538
,253 Walcott Street,-71.37347182204245,41.87772413619823
,1 The Esplanade,1.2009490577557755,51.80616633828381
,69 North Lake Road,-79.4537578618422,43.947102479385926
,10 Beamish Ave,116.6704673829509,-31.655917422950804
,6 Marina Bvd,-80.72668175197366,32.37956973092106
,11 Roberts Street West,170.36619105454545,-43.26272442727273
,80 Carrington Street,-71.40842719020814,41.90800568874993
,480 William Street,-77.00246714897301,42.861821240442346
,Lot 2065 Wilson Street,,
,205 West Coast Highway,103.81310567396142,1.2719652625665603
,492 Mandurah Road,115.74384354067479,-32.5121196333925
,Lot 5553 Great Northern Highway,,
,3 Canning Highway,115.81428252602235,-32.03423405
,216 Lakey Street,-121.71847296571424,42.22491866857143
,2 Fortyn Ct,114.61573672009727,-28.788761034359815
,1333 Great Northern Highway,-84.31932767857143,46.57170797142857
,2 Napoleon Prom,115.25121729650003,-33.67644836874995
,66 Kent Street,-79.25229853437507,42.88498092760418
,1-9 Gnangara Drive,115.75391426433406,-32.31572737426637
,1 Niche Pde,115.85289006212876,-31.79408149925742
,621 Wanneroo Road,115.82621398749991,-31.860179610461934
,274 Erindale Road,115.80045120928465,-31.86845729086755
,337 Cambridge Street,-71.08423179042343,42.369939485202906
,30 Thomas Street,-4.159870615174415,51.682506224883646
,88 Champion Drive,-84.03806039115648,33.704927750340154
,239-247 High Road,-8.500195243957508,51.70311558233739
,115 North West Coastal Highway,114.62190413868161,-28.76806179776121
,93 Capel Drive,-73.35205221780413,40.8026094973294
,14755 South Western Highway,115.90540695384617,-32.936267123076924
,142 Dunreath Drive,115.95090409059178,-31.938219807274496
,60 Bussell Highway,115.6470228947368,-33.373480584689
,24 Maitland Road,-117.64103535253795,33.55329357677666
,4 Johnston Street,-76.02144040091741,44.90595915412842
,11 Charlotte Street,-77.00687785013261,41.25282089376654
,1230 Rosa Brook Road,115.08530334804465,-33.969493279888276
,8222 South Western Highway,115.90540695384617,-32.936267123076924
,46 Clarendon Street,-0.4739170212950611,52.142767680440535
,39 Moreton Tce,114.18743766876763,22.280657449397495
,7 Clementson Street,122.22025021943463,-17.96813793250884
,125 Robinson Street,-79.8749066190383,43.25392705227343
,520 Robinson Street,113.69526861491225,-24.864913729824558
,5 Margerison Street,116.14462846097562,-34.254203626829266
,21 Willis Street,153.0367488788991,-27.512490241284432
,38 Peel Tce,-2.1157246091988147,52.81545193014834
,254 South Western Highway,115.90540695384617,-32.936267123076924
,127 Giblett Street,115.97922979354841,-32.363913266129025
,48 McLarty Street,-80.52112698140441,34.97273824421332
,111 Morgans Street,115.83282951448416,-31.902032365872987
,2 Brinsden Road,121.43366987674416,-30.779664037209308
,1309 Lower Denmark Road,-74.99418964878049,40.80396837886179
,2 Huston Street,-78.45744627959186,44.14786250612245
,67 Lundy Ave,-75.03707698451235,39.86758216290634
,54 Cumberland Road,-73.8662160961207,41.55108927801724
,53 Emanuel Way,-121.25773730277005,38.02865882770081
,Lot 277 Great Northern Highway,,
,18 Nockolds Street,116.7304916140496,-34.976552576033065
,7 South Western Highway,116.18269792432433,-34.16717477567566
,94 Ommaney Road,-0.041181617431192676,51.473328517859215
,328 Marine Tce,-121.09174860852018,35.548265208071726
,12 Auger Way,-78.75380518617885,38.82120072032521
,84 Strelly Street (Cnr Fairlawn Road),,
,20 Great Eastern Highway,116.73663185,-31.635708299999997
,2 Bayview Drive,-6.12402679688972,53.24715530160226
,28 Blackwood Road,153.10655236906376,-27.638836873405673
,143 Throssell Street,149.07983046761066,-35.324351631157676
,65 Roberts Street,-72.7785292840459,41.655660222532866
,40 Kent Street,-63.128275083006194,46.235564614539925
,81 King Road,-73.67748982968747,43.135120332812505
,14270 South Western Highway,115.90540695384617,-32.936267123076924
,63 Avon Tce,-74.33373148154507,40.57285199213159
,213 Harbour Road,177.09317421428574,-37.97931090238096
,777 Great Northern Highway,118.6360657917526,-20.38002457835052
,154 Albany Highway,-84.34828262916663,31.71999371458334
,1615 Canning Road,-79.39806294705882,44.78438441176471
,47 Albany Highway,-73.70043702607805,42.743172914168355
,22 Bashford Street,-73.89619828157898,40.93532949102872
,2263 Mandurah Road,115.74384354067479,-32.5121196333925
,12425 Bussell Highway,115.6470228947368,-33.373480584689
,7 Hutton Street,-70.91586180387321,42.557788520070446
,63 William Street,171.74948124358295,-43.905892899732606
,103 Calista Ave,-72.02416067222222,44.536851828240735
,2341 Albany Highway,-123.23227181324205,44.59390476712333
,69-71 Wilson Street,-1.4791158458563562,52.91968758984026
,2 Cockatoo Street,153.2161402551725,-27.70749813813387
,2 Cowle Street,133.86600070172415,-23.702539634827595
,557 Albany Highway,-84.41791013225806,31.75447377419355
,17 Brisbane Street (Cnr Pier Street),,
,Cnr Pinjarra Road & Carey Street,,
,10805 Brand Highway,115.50275094285715,-30.396224842857148
,639 Frenchmans Bay Road,,
,259 Railway Ave,-80.99114799569216,43.35817407076922
,512 Rudds Gully Road,114.68962287045456,-28.816213095454547
,43738 South Coast Highway,34.26342275263158,44.529890693421045
,119 Main Street,-68.37998131111111,47.32599287777777
,16 Main Street,-72.39110206248957,40.88608767991707
,1 Fortyn Ct,114.6164075754414,-28.789171827608342
,74 Bashford Street,115.03867716497894,-30.30480777679323
,Cnr Great Eastern Highway & Yilgarn Ave,,
,108 Great Northern Highway,118.6360657917526,-20.38002457835052
,753 Geraldton-Mt Magnet Road,115.0979136,-28.699693
,48 Lowood Road,117.66240358709673,-34.627697781720435
,20 Paterson Street,176.22577223306993,-37.67400906890649
,22 Fairway Street,153.0108230754646,-27.32677440718713
,Lot 315 Great Northern Highway,118.6360657917526,-20.38002457835052
,49 Great Eastern Highway,116.03114890509852,-31.896621649835573
,7 Mead Street,116.05767066767677,-31.973148738181834
,1 Davison Street,115.98843766575989,-32.0462949096
,6 Beacham Road,-73.82966013396226,41.94605294716982
,443 Great Eastern Highway,115.94939431553934,-31.932357034777983
,6 Windy Harbour Road,-3.020899887625418,53.613053009364535
,17 Zamia Street,125.63710695877201,7.140755742105265
,4 Bayonet Head Road (Cnr Lower King Road),,
,31 Barlee Street,152.95118476698104,-26.47609205094342
,10 Nockolds Street,116.73298205089283,-34.977270681250005
,6947 South Western Highway,115.90540695384617,-32.936267123076924
,52 Mitchell Road,177.41539173448274,-39.036455820689646
,200 Mirrabooka Ave,115.853478681115,-31.829068541366894
,10 Orchard Ave,-61.390308019191906,10.458686391919194
,229 Balcatta Road,115.81747563549592,-31.862499994369575
,67 Ridge Bvd,115.80875129936467,-32.354005886388386
,502 Guildford Road,115.92934875756455,-31.919996241328413
,681 Albany Highway,-74.00659796301369,42.70786408219177
,16-20 Clayton Street,-80.04651700086578,35.91238650303031
,33 Belvidere Street,-2.121126221033033,57.15120730558392
,7080 Forrest Highway,115.71816834285713,-33.21049449642857
,1 Brittain Road,115.64537120852394,-33.361339269438645
,265 Great Eastern Highway,116.73663185,-31.635708299999997
,99 Causeway Road,-63.27251056666666,44.65852002222223
,8 Kardan Bvd,115.98006881904769,-32.20998548761902
,59 Hudson Street,-71.73507365040983,42.504982154098364
,49 Norseman Road,121.89909206602559,-33.833773183974344
,393 Canning Highway,115.81428252602235,-32.03423405
,8 Repton Street,172.62251288503919,-43.51691377690288
,61 Walter Road West,-75.97868115000003,39.932288732500005
,Lot 6 Beckwith Road,-65.25236693333333,45.96760629333334
,1400 Great Eastern Highway,116.73663185,-31.635708299999997
,1182 Chapman Road,114.61726304848489,-28.67294383383839
,16 Johnson Street,-72.73788508496739,41.6805052732026
,1 Wishart Street,-77.47515730319147,44.504909661702115
,216 Rockingham Road,-0.7268789192666661,52.41252122226666
,224 Clontarf Road,115.75821104713941,-32.07413542938873
,81 Uduc Road,115.89622477025311,-33.08110387278482
,81 Quill Way,-74.53337484482756,40.623813514106594
,494 Kalamunda Road,115.97434456146789,-31.913058820183508
,49 Candlewood Bvd,-80.10005675315129,26.414602680777318
,26 Kalamunda Road,116.05473285354168,-31.973986498750016
,9 Kayili Road,121.4327169173913,-30.782822828260873
,77 Egan Street,-71.90869504753313,41.91794419253914
,164 Brookton Highway,116.08503385076922,-32.10766706307693
,157 Morley Drive,115.93877257736627,-31.88692020308643
,2257 Victoria Highway,128.75728963461538,-15.790699457692307
,32 Bandicoot Drive,-88.69437477589922,41.331432167985625
,Cnr Mandurah Road & Beach Street,,
,220 Gnangara Road,115.97890114295447,-31.792167724090913
,194 Canning Road,-64.41535982916668,45.155420924999994
,2 Lynwood Ave,-1.1422504556640622,53.91691450390613
,137 Kelvin Road,153.01271417269163,-27.454327415628473
,182 Wanneroo Road,115.82202881192379,-31.81930821542129
,1896 Beach Road,-75.66345941666667,44.960868483333336
,715 Pinjarra Road,115.72271273588454,-32.53180757402758
,1182 South Western Highway,115.90540695384617,-32.936267123076924
,25 Meadow Springs Drive,-80.93773887717042,34.16441527588423
,5/4 Hughie Edwards Drive,115.7089553502622,-31.65542147166964
,232-234 Morrison Road,-66.32390515,45.540485399999994
,22 Anchorage Drive,-82.37964457545274,34.84688881599598
,81 Guildford Road,0.9052013278403284,51.89397980675546
,317 Albany Highway,174.69737042226652,-36.74774331537442
,7060 Great Eastern Highway,116.73663185,-31.635708299999997
,512 Rockingham Road,-72.46045107142857,43.16164074285716
,170 Murdoch Drive,115.84413164184637,-32.076624780095926
,6043 Forrest Highway,115.71816834285713,-33.21049449642857
,2056 Wanneroo Road,115.82621398749991,-31.860179610461934
,311 Fitzgerald Street,-75.15137913078034,39.9192587414018
,5 Messmate Way,128.73878421602927,-15.77615637795992
,8 Main Street,-69.9670378202247,41.26304645955055
,60 Meares Ave,115.81657274739251,-32.24653639769943
,204 Shiraz Bvd,57.03310544745122,30.300078327618188
,7 Maritana Street,121.47236679193553,-30.74624607193548
,4 Remisko Drive,115.97568873405172,-32.14286933426721
,770 Brookton Highway,116.08075441893938,-32.11403833106061
,96 Great Eastern Highway,116.73663185,-31.635708299999997
,1 Altitude Ave,-75.74082412320527,45.24593806252087
,1540 Bussell Highway,115.6470228947368,-33.373480584689
,15323 Great Eastern Highway,116.73663185,-31.635708299999997
,156 Brand Highway,114.62467013864114,-28.80210365138005
,1383 Great Northern Highway,-84.31932767857143,46.57170797142857
,162-170 Albany Highway,115.99611766555547,-32.06191946074075
,1 Brady Street,175.32483629520846,-38.01246238562501
,951 Wanneroo Road,115.82621398749991,-31.860179610461934
,649-651 Safety Bay Road,115.79454634078947,-32.32917635921054
,604 Welshpool Road East,115.98909355562493,-32.00330649875
,3 Manganese Street,23.446830067142848,-27.428003573571434
,23 Kewdale Road,115.94412258207228,-31.99959128108552
,3381 Great Eastern Highway,116.36002867307693,-31.80438758076923
,1 Ikara Lane,,
,398 Hector Street,-76.51287779804822,42.44437310183697
,40 Harbour Road,-62.758599735000004,46.435500715
,10513 Brand Highway,115.50275094285715,-30.396224842857148
,2 Clinch Road,-81.54601062333333,27.757013306666668
,256 Deepdale Road,-61.2755458,46.23286148333333
,120 Flores Road,-93.2056714137931,32.35010043448276
,Cnr John Willcock Link & Portway,,
,57 Great Eastern Highway,116.73663185,-31.635708299999997
,81 Oliver Street,151.12090124539287,-29.770797322599467
,Lot 3 Great Northern Highway,118.6360657917526,-20.38002457835052
,620 Chapman Road,114.62509998979594,-28.719762344897966
,4641 Great Eastern Highway,116.73663185,-31.635708299999997
,27 Company Road,171.77928477468353,-43.895285818987354
,2 Falls Road,-69.54816437837839,44.58504415135133
,12 Longstaff Ave,-1.952587244444444,52.70560547063493
,2539 Great Northern Highway,-84.2851841,46.592401866666656
,69 South Coast Highway,-124.05428778374713,44.636096508560776
,147 Harbour Road,177.0809467386555,-37.977390944537824
,472 Great Eastern Highway,115.95347351381898,-31.929552254522605
,36 Welshpool Road,115.91774677474231,-31.992860617139165
,102 Deepdale Road,-61.30820642928572,46.22844283857141
,2095 Toodyay Road,116.224638,-31.7845999
,1100 Abernethy Road,-122.59137637684194,45.36412820052631
,2 Jarrahdale Road,116.0595185017544,-32.336030542105256
,629 Lower King Road,,
,31 Dreyer Street,18.464513182827435,-33.979681950563766
,44 Egerton Street,-82.42908258636365,49.42036959272727
,6519 Albany Highway,-85.09972545384616,36.91409448461539
,101 Guy Street,176.10796106521738,-40.19297746521739
,Lot 1 Newman Drive,119.73698739182059,-23.35721021345644
,280 Fourth Street,114.6293127028505,-28.764457154631838
,86 Avon Tce,-74.33374386244665,40.57276325362729
,Lot 24 Albany Highway,115.99611766555547,-32.06191946074075
,16 South Yunderup Road,115.78262016734692,-32.58577356326531
,1287 Brookton Highway,116.08503385076922,-32.10766706307693
,4 Cassidy Street,175.3011308362934,-37.79036171428564
,309 Albany Highway,174.69770247523064,-36.748362009881404
,178 South Western Highway,115.90540695384617,-32.936267123076924
,335 Collier Road,-63.95195197777778,44.959922688888895
,13 Whyalla Ct,153.33882499166663,-27.90692649416666
,26 Davis Street,-75.92910470268049,42.09820840824746
,49 Reid Road,170.49880921316483,-45.89724163816487
,801-803 South Western Highway,115.90540695384617,-32.936267123076924
,45 South Coast Highway,-124.05425438395082,44.63616190037037
,916 Albany Highway,-122.61560228941177,44.78078092529412
,3 Locke Lane,-71.18881925449882,42.4401003277635
,9 Winterfold Road,115.81496016524454,-32.07505945884565
,4 Walter Padbury Bvd,115.7743820729774,-31.817407802588985
,150 Massingham Street,-0.0461810834405144,51.524397162701085
,410-412 Orrong Road,115.93808196845798,-31.99098799252337
,138 Albany Highway,-84.34828262916663,31.71999371458334
,2 Feilman Drive,115.80905554528691,-32.260537445901626
,779 Gnangara Road,115.97890114295447,-31.792167724090913
,1 Rose Street,151.1838815826821,-33.793722650787224
,31763 Albany Highway,-123.09936805555556,44.50818977777778
,791 Beaufort Street,115.8800447577706,-31.92702209807079
,182 Leach Highway,115.93190018326442,-31.986298939876054
,2038 Wanneroo Road,115.82621398749991,-31.860179610461934
,31 Fitzgerald Street,-71.0585638526316,42.19794047824563
,479 Scarborough Beach Road,115.78895160604033,-31.89843313342278
,121 Quinns Road (Cnr Tapping Way),,
,50 Rifle Range Road,114.62815256647175,-28.783829956530194
,11 Wygonda Road,116.0728970259887,-32.11383687909607
,49 Berrigan Drive,115.85695607162927,-32.1074461455056
,Lot 101 Terrier Pl,-78.80957468466414,35.922298782256036
,2 Servetus Street,115.76823771101567,-31.978360821745337
,28 Northerly Street,115.2503577613527,-33.676430734782556
,126 Forrest Road,-76.37222249897958,37.13328231530612
,268 Great Eastern Highway,115.93478630571867,-31.938893296908788
,309 Guildford Road,115.92934875756455,-31.919996241328413
,168 Walter Road West,-75.67393223359495,35.90531291287286
,495 Beechboro Road N,115.92376384495236,-31.889757129904783
,169 Hampton Street,-74.98630783011588,44.681280221235475
,375 Bussell Highway,115.6470228947368,-33.373480584689
,42 Strickland Street,-72.52686182895926,41.78699808129717
,868 South Western Highway,115.90540695384617,-32.936267123076924
,427 Charles Street,28.241864672931044,-25.767814260344842
,1 Bayley Street,-81.99902807109372,43.09761845937499
,45 South Western Highway,115.90540695384617,-32.936267123076924
,114 Rockingham Road,-0.7269348232701421,52.407145032748865
,46 South Western Highway,115.90540695384617,-32.936267123076924
,4 Ocean Street,-4.174344063056388,50.392680105860556
,2 Rafferty Road,-71.10452304796603,42.481655171334
,430 Morley Drive,-79.01209012831326,35.064702612851406
,9 McVicar Pl,116.21065290335581,-31.878110149664423
,66 Sylvia Street,-71.19169254180022,42.42398298138103
,58 George Street,-3.1980500898060673,55.9527874424527
,35 Blackburn Drive,-63.95158477894736,44.660621676315806
,367 Caves Road,174.29493356666663,-35.8671397
,333 Rockingham Road,-71.39292111954019,43.00962018908045
,123 Thomas Street,-72.72891007399382,41.756385314551075
,2086 Toodyay Road,116.224638,-31.7845999
,157 Grand Ent,-121.16825933333331,35.68554326833334
,1447 Great Northern Highway,-84.31946940000002,46.57219461333333
,964 Wanneroo Road,115.82621398749991,-31.860179610461934
,89 South Western Highway,115.90540695384617,-32.936267123076924
,124 Welshpool Road,-1.4543249193758123,52.94114456638489
,10428 Bussell Highway,115.6470228947368,-33.373480584689
,109 Barrington Street,172.62449679769372,-43.56270769545168
,44 Mandurah Road,115.74384354067479,-32.5121196333925
,2 Kalamunda Road,116.0587531798319,-31.97542563403363
,1 Evans Road,-71.1384936883599,42.34173662379921
,32 South Western Highway,115.98334584642858,-33.785774114285715
,41 Angove Street,150.90217646432424,-33.68749005540541
,260 Middleton Road,170.4691075189872,-45.90846594472572
,225-227 Albany Highway,115.99611766555547,-32.06191946074075
,1 Darch Street,115.49946111718754,-31.344265546875004
,21 Jose Street,-99.0167693955975,26.402114679874224
,19 Station Street,145.42536442844445,-37.21312298000001
,7 Honeybee Pde,115.80019489458593,-31.702749230239792
,3 Marvel Ent,115.96885986370755,-31.82843808929506
,81-93 West Street,0.912429384375,52.30218419375
,2 Sepia Ct,-75.70787809313724,39.6353142372549
,377 Wanneroo Road,115.8303715614919,-31.87334163911291
,159 Altone Road,115.9431461820619,-31.870269875463887
,918 Canning Highway,115.81428252602235,-32.03423405
,2 Hollosy Way,115.80161424167795,-31.734645045737498
,614 Baldivis Road,115.82713369748963,-32.348837924058586
,91-93 Manning Road,-82.86834169546435,42.31079217753782
,11 Headingly Cr,115.71091990106633,-31.653598335767622
,Lot 22 South Western Highway,115.90540695384617,-32.936267123076924
,510 Beach Road,-69.04886211,44.28068865499999
,7 Ocean Keys Bvd,115.7300339464855,-31.690728057450812
,191 Bailey Bvd,-71.53429225633802,41.61219728309857
,112 Oakleigh Drive,-85.95923261282054,34.04929133076923
,2 Baroy Street,115.66251061651381,-32.58086265963303
,63 Alex Wood Drive,115.96966202635376,-32.14327307256318
,2 Jon Sanders Drive,115.80068966636249,-31.905149626225796
,2100 Albany Highway,-123.07932452725872,44.633535853971935
,35 Minilya Pkwy,115.76229653495324,-32.53053487663553
,967 Abernethy Road,-122.59349292301765,45.36382523535242
,420 Joondalup Drive,115.76714242270212,-31.74306461982212
,146 Boulder Road,-76.20464837114915,43.05435224963327
,581 Hannan Street,121.45589625431475,-30.764348633502546
,2 Fenton Street,-2.8013463052073293,54.04864023522975
,76 Malaga Drive,-74.7724101282313,40.280391270748304
,1 Capital Road,-105.6206332894737,39.7652351236842
,585 Canning Highway,115.81428252602235,-32.03423405
,296 Benara Road,115.93269293902067,-31.874914248516287
,7 Broadway,-81.57448387749999,28.340137722708327
,868 Pinjarra Road,115.72271273588454,-32.53180757402758
,240 Toodyay Road,116.224638,-31.7845999
,79 Buckingham Drive,-0.9624946950474184,51.4822688172813
,2 Bristol Street,151.0037917966667,-33.79348790117645
,2 Cunningham Road,-61.988718847857115,45.61600326
,18 Orchard Road,0.9971644294354837,51.85566156693547
,131 Welsh Drive,-76.35753043900526,40.07006248952878
,12-14 Cajarina Road,118.58841174905665,-20.379888147169815
,1 Mandurah Road,115.74384354067479,-32.5121196333925
,183-187 Mandurah Tce,115.74120914597457,-32.509599338347435
,1 Wilfred Road,-64.57670116666667,44.239145433333334
,180 The Promenade,-73.99056774684468,40.808924497087396
,1 Canham Way,115.82011712829177,-31.82307890409247
,342 Beaufort Street,-77.1874553091603,35.56507697633587
,78 Old York Road,-74.94045004069477,40.37328463846152
,128 West Coast Drive,-123.81711776874995,40.11723107249999
,229B Hampton Road,-97.72855846169671,30.295215521755548
,459 Nicholson Road,,
,4267 South Western Highway,115.96936244130437,-32.519146215217404
,84 Strelly Street,115.34810584575479,-33.66248011886793
,2507 Toodyay Road,116.224638,-31.7845999
,9 Norton Prom,115.635660786803,-33.39539114758363
,30215 Brand Highway,115.50275094285715,-30.396224842857148
,4 Bayonet Head Road,117.93001430208334,-34.98064916770834
,6 Pelias Street,114.12593396970453,-21.93533566773399
,51 South Western Highway,115.9040538166667,-33.0820930254902
,13 Stebbing Road,-116.24073486589151,47.53462358294571
,1602 Pinjarra Road,115.72271273588454,-32.53180757402758
,121 Quinns Road,-65.4796647108108,43.63834222432434
,1369 Wanneroo Road,115.82621398749991,-31.860179610461934
,6 Birnam Road,-73.37756250425532,41.35316637127661
,159 Milner Road,-81.63856303561415,39.54823806949716
,630 Karel Ave,115.86951694301369,-32.08952174602738
,390 Nicholson Road,,
,1031 Mardie Road,116.86133946521736,-20.77103351304348
,58 Montana Cres,-78.96578229746197,43.96306038121827
,2 Wattleglen Ave,115.68039450909087,-32.56306683678646
,370 Baldivis Road,115.82713369748963,-32.348837924058586
,1133-1135 Albany Highway,115.99611766555547,-32.06191946074075
,52 Thundelarra Drive,115.76018553506285,-32.419242532097776
,1 South Street,-74.0100879079745,40.70656621322347
,147-149 Grand Ent,-121.16825933333331,35.68554326833334
,227 Morrison Road,151.10809066169102,-33.81941833413361
,276 Port Drive,-73.73091649423075,40.936084698076904
,370 Victoria Road,-0.40301693331998345,51.56241074609533
,9850 Forrest Highway,115.71816834285713,-33.21049449642857
,137 Market Street,115.84760434172044,-32.236171138279616
,133 Ghost Gum Bvd,115.80184078007025,-31.700901328943722
,24 Dooley Street,-73.9460324082966,40.584558551819065
,9 Pritchard Street,-78.80527646853332,42.85537420400001
,3 Herdsman Lane,-92.13821186046516,30.18313753720931
,83 Flores Road,-106.32934662499999,34.459543706249995
,1 Harlond Ave,115.89026621937987,-31.85741759224805
,24 Albany Highway,174.69564175710678,-36.7350743201009
,5 Albina Ave,-70.4412760507732,41.61008407886595
,Airport Drive (Cnr Paltridge Road),,
,2533 Great Northern Highway,116.03202922023127,-31.669052182080925
,13 Picton Road,-61.49444045500005,10.651965310135136
,374 South Street,-70.48512858108109,43.495161291891925
,17 Brisbane Street,174.75093791278493,-36.86418305763358
,1/1163 Albany Highway,115.99611766555547,-32.06191946074075
,8D Picton Road,-3.2461880436305703,51.78301771496814
,15 Albatross Cres,25.366601740540542,-34.01551111891892
,Cnr Westfield Road & Ypres Road,,
,190 Railway Pde,150.60242207322835,-33.7301098062992
,12 Erade Drive,115.91981163879655,-32.12216132201107
,51 Tiffany Ctr,115.63498104176989,-33.3955966879646
,115 Dixon Road,-73.7283682640625,41.421973978125
,302 Blair Street,-76.63810841673642,36.723697870711284
,200 North Lake Road,-74.09160702972972,42.19792804189189
